tx_hash,block_timestamp,from_address,to_address,tokens,event_type
0x709b55bd3da0f5a838125bd0ee20c5bfdd7caba173912d4281cae816b79a201b,2026-01-07 09:05:00,0x90dc3a246686eceda4e71e53bc4614102060fee2,0x4ab59433fd4f1f6785b21029367f7d3d85b7e526,372726.13,mint
0x27ca64c092a959c7edc525ed45e845b1de6a7590d173fd2fad9133c8a779a1e3,2026-01-07 09:52:00,0x90dc3a246686eceda4e71e53bc4614102060fee2,0xbc767f8340b0e31950a35041402b32fbc6354f8e,129444.82,mint
0x1f3cb18e896256d7d6bb8c11a6ec71f005c75de05e39beae5d93bbd1e2c8b7a9,2026-01-07 12:53:00,0xbc767f8340b0e31950a35041402b32fbc6354f8e,0x0b04930e954a1108ad6a1bfdda03f37d40d086c0,39254.27,transfer
0x41b637cfd9eb3e2f60f734f9ca44e5c1559c6f481d49d6ed6891f3e9a086ac78,2026-01-07 17:08:00,0x4ab59433fd4f1f6785b21029367f7d3d85b7e526,0x6231be22eda4a2a07612ae820fd59fb55dd8cf6b,20884.28,transfer
0xa8c0cce8bb067e91cf2766c26be4e5d7cfba3d3323dc19d08a834391a1ce5acf,2026-01-08 11:42:00,0x90dc3a246686eceda4e71e53bc4614102060fee2,0x9ba655f4a124a81ad1dad8ab823d09f1ed21da8c,239263.94,mint
0xd20a624740ce1b7e2c74659bb291f665c021d202be02d13ce27feb067eeec837,2026-01-08 12:15:00,0x0b04930e954a1108ad6a1bfdda03f37d40d086c0,0xd27b2b19dffdfbc661652ab51f388587f4dedfca,19966.56,transfer
0x281b9dba10658c86d0c3c267b82b8972b6c7b41285f60ce2054211e69dd89e15,2026-01-08 13:41:00,0x90dc3a246686eceda4e71e53bc4614102060fee2,0xa389f357db6af3c4a715af25d83a9e608bcf8a35,355469.15,mint
0xdf743dd1973e1c7d46968720b931af0afa8ec5e8412f9420006b7b4fa660ba8d,2026-01-08 16:22:00,0xbc767f8340b0e31950a35041402b32fbc6354f8e,0x6dc8d085f05d82006f7acf69e3ad319daa7f611b,37171.07,transfer
0x3e812f40cd8e4ca3a92972610409922dedf1c0dbc68394fcb1c8f188a42655e2,2026-01-08 17:24:00,0x6dc8d085f05d82006f7acf69e3ad319daa7f611b,0xa1165004098c387e5efdeb6bfe10408a94bc5197,1244.78,transfer
0x3ebc2bd1d73e4f2f1f2af086ad724c98c8030f74c0c2be6c2d6fd538c711f35c,2026-01-08 17:27:00,0xd27b2b19dffdfbc661652ab51f388587f4dedfca,0xa0a0d9b8e44e6cf275eaad6a06a34cc6a425da65,16962.51,transfer
0x9789f4e2339193149452c1a42cded34f7a301a13196cd8200246af7cc1e33c3b,2026-01-09 09:41:00,0x90dc3a246686eceda4e71e53bc4614102060fee2,0xa4e19471b45bcae96f86681e208e25ef50f5c75d,141867.32,mint
0x9789f4e2339193149452c1a42cded34f7a301a13196cd8200246af7cc1e33c3b,2026-01-09 09:41:01,0x90dc3a246686eceda4e71e53bc4614102060fee2,0xa4e19471b45bcae96f86681e208e25ef50f5c75d,141867.32,mint
0xaefe99f12345aabc4aa2f000181008843c8abf57ccf394710b2c48ed38e1a66a,2026-01-09 10:02:00,0x6231be22eda4a2a07612ae820fd59fb55dd8cf6b,0x77cc28eab51f42dbb575cc598cc4cf98fe26898d,9753.52,transfer
0x64f662d104723a4326096ffd92954e24f2bf5c3ad374f04b10fcc735bc901a4d,2026-01-09 13:12:00,0xa0a0d9b8e44e6cf275eaad6a06a34cc6a425da65,0x77bcaa3971525e92297947a945d3b00b17dd805f,16551.08,transfer
0x95a73895c9c6ee0fadb8d7da2fac25eb523fc582dc12c40ec793f0c1a70893b4,2026-01-10 09:31:00,0x90dc3a246686eceda4e71e53bc4614102060fee2,0x0a9deaed34f257c2e56fffc6acf523c571b25a9f,241963.53,mint
0x315987563da5a1f3967053d445f73107ed6388270b00fb99a9aaa26c56ecba2b,2026-01-10 13:30:00,0x90dc3a246686eceda4e71e53bc4614102060fee2,0xf4239e1321a0864ea8dee7ebbd3fdbacfeab856a,41670.67,mint
0x09caa1de14f86c5c19bf53cadc4206fd872a7bf71cda9814b590eb8c6e706fbb,2026-01-11 12:51:00,0x90dc3a246686eceda4e71e53bc4614102060fee2,0x6c23324b96da8ef29d332922a47424e7c97962b9,283605.6,mint
0x9d04d59d713b607c81811230645ce40afae2297f1cdc1216c45080a5c2e86a5a,2026-01-12 09:15:00,0xa389f357db6af3c4a715af25d83a9e608bcf8a35,0x8daf639646829391bd0b8fc74b745702d343579c,26332.55,transfer
0xab8a58ff2cf9131f9730d94b9d67f087f5d91aebc3c032b6c5b7b810c47e0132,2026-01-12 09:28:00,0x0a9deaed34f257c2e56fffc6acf523c571b25a9f,0x05226c7fa080bc29d7b697767d437a09bdcfd456,38841.77,transfer
0xc7c3f15b67d59190a6bbe5d98d058270aee86fe1468c73e00a4e7dcc7efcd3a0,2026-01-12 10:38:00,0x05226c7fa080bc29d7b697767d437a09bdcfd456,0xdf9e491e1b40f6ee6cddfe35be65b8bf3c49299d,37658.28,transfer
0x27ef2eaa77544d2dd325ce93299fcddef0fae77ae72f510361fa6e5d831610b2,2026-01-12 12:04:00,0x6231be22eda4a2a07612ae820fd59fb55dd8cf6b,0xf95c1837c89408649c2421d6669c29bcefd749a4,5974.28,transfer
0x8a0dbd63074bebdcd6f8b26a542d10d18ea84a293d9c4abdfed5f83cb720b4b7,2026-01-13 12:47:00,0x8daf639646829391bd0b8fc74b745702d343579c,0x77cc28eab51f42dbb575cc598cc4cf98fe26898d,10526.44,transfer
0xc68a305956cd7488b206c48ec2bcc293be643ad02783e377fb2baceb606b2b5e,2026-01-13 15:19:00,0x90dc3a246686eceda4e71e53bc4614102060fee2,0x9a3df07d2fadb134a4da1b0aaed660d233a05710,383399.51,mint
0x2faa40a31ef28f96355acc79f5e6ebc178e91d0caed5fb8273fcc041861e2ba7,2026-01-14 09:10:00,0x90dc3a246686eceda4e71e53bc4614102060fee2,0x8e0bdcb48c6c60fe745d963edda8ded46b52b07c,312408.52,mint
0xae4bfa5d1b77541699ce79d52bafda502e06007ea408f7507c08d6ed9c9dc44d,2026-01-14 15:28:00,0x8e0bdcb48c6c60fe745d963edda8ded46b52b07c,0x6231be22eda4a2a07612ae820fd59fb55dd8cf6b,9997.14,transfer
0x15b0326019eae17f1fa05f0afc99060dd3b9de4a20945bfff53a3d64a4e72b77,2026-01-14 16:04:00,0x90dc3a246686eceda4e71e53bc4614102060fee2,0x7ce75c87e227af06081952fd0a86fc92e141df57,454709.67,mint
0x79ce346da1b503fbcfa8ed04d7d19123aa2b27613337d289e2dbb91d788c86df,2026-01-14 16:26:00,0x90dc3a246686eceda4e71e53bc4614102060fee2,0xc7d7fb3b6b691a41a1cc3fd6ac8a8ee5f5de4cd5,135999.83,mint
0x2917905771f7ccd8fb6f072d3bc2a67b27f7f19955468ac9f930fa45f2e5f395,2026-01-14 16:29:00,0x90dc3a246686eceda4e71e53bc4614102060fee2,0x94db730d75ac8b46c49b1a29a3476db687a6c0a8,278236.16,mint
0x3ae66667464028499a1e3677789edc657d3a63912f995b34e7f04f586e0fd1b3,2026-01-15 09:08:00,0xd27b2b19dffdfbc661652ab51f388587f4dedfca,0x05226c7fa080bc29d7b697767d437a09bdcfd456,2186.85,transfer
0x20b6350efe2297452ed548f310edef806422e3a692797a70e2ed011eebd61d6d,2026-01-15 11:20:00,0x90dc3a246686eceda4e71e53bc4614102060fee2,0x983c90d6d139d7b4edd543507c8b9446efc25f80,147611.92,mint
0xab199cfee6eee2ce736eee608c12a5526e33fef62e4af2836ba3eed203d7f2bc,2026-01-15 14:25:00,0x9ba655f4a124a81ad1dad8ab823d09f1ed21da8c,0x000000000000000000000000000000000000dead,102920.51,burn
0x5f2c820042ce0c632debdfa5a3c5b6a7277e9cd6da3c32673f6c237aa13240fa,2026-01-15 14:46:00,0x90dc3a246686eceda4e71e53bc4614102060fee2,0xbc767f8340b0e31950a35041402b32fbc6354f8e,120544.78,mint
0x2a3ccf98322d77c24d863793c2533687d70e82be13e7ede4cf85fb2a6df1abb9,2026-01-15 16:07:00,0x90dc3a246686eceda4e71e53bc4614102060fee2,0xf2fc0cbc914be463b37470ee9b815920bf22186b,249428.63,mint
0x3efe959161c7fdad4a36af6442213dced75fff6a5e5f12ba91ab177cd030acad,2026-01-15 17:13:00,0x8e0bdcb48c6c60fe745d963edda8ded46b52b07c,0xec34ac101e85f3a0cb2d08f8f7675fcd7d3e8142,54855.3,transfer
0xf922ef5d960a6602003947a80d46fe02fb2368c42b9aa7c2e215447e194cef60,2026-01-16 11:48:00,0x90dc3a246686eceda4e71e53bc4614102060fee2,0xf58cc69a39568b2b6aaf17793e4ef870e2121385,78749.75,mint
0x6283fdbd93e7e2310846a23874e8943161a5e0624cac66274fe88941dd672ddc,2026-01-16 12:09:00,0x90dc3a246686eceda4e71e53bc4614102060fee2,0x597b6ab0fd089f24bf4e92d473845aaf727b449b,481146.0,mint
0x4f449b4d68e0cf6ce74d4881e30d0a2bd42d88df2eeb2c521333252a85d3d323,2026-01-16 12:21:00,0x90dc3a246686eceda4e71e53bc4614102060fee2,0xf0cad239c3122034b4bbf44d477834d414ff6f3a,346238.71,mint
0xfca048f1e05d1113ac12b66c536c8938607e5256ac86d96ed8dde8e96c35daaa,2026-01-16 12:52:00,0x77cc28eab51f42dbb575cc598cc4cf98fe26898d,0x597b6ab0fd089f24bf4e92d473845aaf727b449b,19373.89,transfer
0x0aaa7ef81f51f997feee2226e75f8c15d21174b3c3dc3f52319481f965a37bcb,2026-01-16 14:15:00,0x983c90d6d139d7b4edd543507c8b9446efc25f80,0xc7d7fb3b6b691a41a1cc3fd6ac8a8ee5f5de4cd5,35637.94,transfer
0x27718005fa0e1ed59a685e83a98e4d0b065c4dd8778d01060b402605efaa4a2e,2026-01-16 14:32:00,0x90dc3a246686eceda4e71e53bc4614102060fee2,0xb8af30eac73b78ff0e0d2ee2530f15191667918c,87131.78,mint
0x4b2347deaabffdac5ad3e2d3797f007d4ccc264c0cb238f623112d926ef1181c,2026-01-16 14:36:00,0x6dc8d085f05d82006f7acf69e3ad319daa7f611b,0xe3c013439b986f9439801284e5c9d7b3b86d66ba,29603.43,transfer
0xf84b0e89b59b43b8b77989123cc379afc1755de9ae5d3177322cff238af3438c,2026-01-16 17:06:00,0x90dc3a246686eceda4e71e53bc4614102060fee2,0x119cc3256cebec0fcd5464fc6ba8e39e220e1291,286757.49,mint
0x4414255a265a204f6b3bc9aa3f82227ba03de849cd0af0705222dc6074f674d4,2026-01-17 11:52:00,0x90dc3a246686eceda4e71e53bc4614102060fee2,0x387de6d29ffae1232c78ad76aa43e891e81fb0ad,207132.31,mint
0x0b879d3373bd67b89f16e0ccfcecbc741ff6545d337786a5cecb4f674bb4111f,2026-01-17 13:24:00,0x90dc3a246686eceda4e71e53bc4614102060fee2,0x08d7d076ddb96be433676a54fc2e25945d0ad9a2,223903.56,mint
0xafab36c1eef6e35bc77d17096ec31fae6bb3d73e2bf28d1b2abecf0236d6bfaf,2026-01-17 14:12:00,0x9ba655f4a124a81ad1dad8ab823d09f1ed21da8c,0x000000000000000000000000000000000000dead,136343.43,burn
0x780e53ad7fa9b81fbaf752e93f8493a04f0a25d017859737ef2efacc89d36633,2026-01-17 14:15:00,0x90dc3a246686eceda4e71e53bc4614102060fee2,0x2e7ece9d406b99ecd12cc636a84533970c92919a,345895.61,mint
0x7715000f6163f6237e223c394e97384b201e3d37376f9f12a84055b895b3dae8,2026-01-18 14:59:00,0x90dc3a246686eceda4e71e53bc4614102060fee2,0x805bc406c4c1e13054b81123ec0f8e85d8376aa9,348368.47,mint
0x0217fc152c07d883694a4825fd87aa7a3b220b393e50823d4322a2226d702534,2026-01-18 15:15:00,0xec34ac101e85f3a0cb2d08f8f7675fcd7d3e8142,0x000000000000000000000000000000000000dead,54855.3,burn
0xe4169c2295403e0bc67214f18e7056fbdfd997495e32f284d433f91929545edc,2026-01-19 11:42:00,0x7ce75c87e227af06081952fd0a86fc92e141df57,0xf5e8ee6f109cac41d0d430e0c84cb273c7482fc8,11995.15,transfer
0x53da89f1b810c73785784d2223937ba7e0a8d20e7f788df0832ace3c5fe765d8,2026-01-19 15:19:00,0x8daf639646829391bd0b8fc74b745702d343579c,0xf54ed7558d14649e5bba1775be3ef29d91b73bbf,4741.23,transfer
0xeb7367a0457f8f5d79bf0e419facd60da8a8e9974e2a1cf5b549155709b79729,2026-01-19 17:14:00,0xa389f357db6af3c4a715af25d83a9e608bcf8a35,0x8e0bdcb48c6c60fe745d963edda8ded46b52b07c,63337.06,transfer
0x4adeec76435e091ab5736df61a0e7d5ca86027c5dfa4052625cbf68ff66a423b,2026-01-20 09:35:00,0x387de6d29ffae1232c78ad76aa43e891e81fb0ad,0xd52a337b7808ec2ef88d2a60c092714e945554e4,79265.35,transfer
0x9a9e2624b2af263f652ae9ece02d314fb3be09290464724493b09aa21ba76ec7,2026-01-20 11:40:00,0xf58cc69a39568b2b6aaf17793e4ef870e2121385,0x4c3a51bf0e2dfb7fe4067507b913d43aa8aa34e7,32162.5,transfer
0x1ae3614e6db601d2042867317ca386c5da6ca1ce9c0b3b872e575aff50729f43,2026-01-20 15:35:00,0x4c3a51bf0e2dfb7fe4067507b913d43aa8aa34e7,0x81f43e9a99358925c92acd3cb7956faa757c8984,17941.34,transfer
0xbaf6e023ac8e10b3eb2c4f75bc53afb7b4be41e6bf4528dce286a43d8e80a97f,2026-01-21 09:22:00,0x81f43e9a99358925c92acd3cb7956faa757c8984,0x240e8f875eeb1e2634c09f9115e9ed9acdbe1c00,11060.11,transfer
0xd4b27adb77de958b786e92b510a5e3550019ba68c5dfba64f9ca1afeb31216fd,2026-01-21 13:31:00,0x90dc3a246686eceda4e71e53bc4614102060fee2,0xf2ed8d7e4562eef9dedbe089b67c1040976b27eb,30547.83,mint
0xd2af18a7baf2a481fe18747e5b8b6d2854e0b8c995b6f30cf059546b454fcea5,2026-01-21 15:26:00,0xb8af30eac73b78ff0e0d2ee2530f15191667918c,0xf9e79b7e3387939e77d85c2bd60dd08f5ae4130e,61747.37,transfer
0x07fe8b2736334fce591b7158fef47091582fa7bb0584197d73b8d5b0bbe2fa93,2026-01-21 15:50:00,0x6231be22eda4a2a07612ae820fd59fb55dd8cf6b,0xcef8a3d1fc162ca5cd143f78d0297e49b74951b2,10157.39,transfer
0xb0d60b01b2e16aeac79c1aefb33003eeb00d296ec35a8e6f8d5c938942ba3757,2026-01-21 17:20:00,0xf4239e1321a0864ea8dee7ebbd3fdbacfeab856a,0x0b45a31ea0bd6029a5410df4cd2463d0ab45580f,41004.0,transfer
0x5c7f50c7ae4dd885c135a00c109569f640d51a9c98fcfccce195267c2d635314,2026-01-22 09:05:00,0x90dc3a246686eceda4e71e53bc4614102060fee2,0xce3592b16c5ed93c64cad2805d9846d839492746,147574.43,mint
0x0edb5d91876561b35c10bf42487ac838d67e235f19a3a8ef65d859eea6c6daf3,2026-01-22 11:31:00,0x90dc3a246686eceda4e71e53bc4614102060fee2,0xc0b545448c31cf38ba14a3fb76ebeb80a0efd6b0,165020.52,mint
0x969b5a7002ac14b31b301e0dcb3df5d97ecedfce5522018947ef341aa3fcd1a2,2026-01-22 11:48:00,0xf95c1837c89408649c2421d6669c29bcefd749a4,0xdf9e491e1b40f6ee6cddfe35be65b8bf3c49299d,5809.19,transfer
0x3bc87536ac732129f8d62117d17683c6291d396a0159d471fb9c1141f888cd7a,2026-01-22 13:24:00,0x0b04930e954a1108ad6a1bfdda03f37d40d086c0,0x89f1d535c8dc6a8cac48ee07d2b2b0d5dab32ed2,2937.48,transfer
0x3cb644c9b51e547c2634c3cddd532069fa228969b9744c30c0cb4278c4d7771e,2026-01-22 16:56:00,0x90dc3a246686eceda4e71e53bc4614102060fee2,0x6ce6165227f5af448dc5807f2af258a8c95c0ffd,261627.5,mint
0xad805f35af23872618bce7f3085f911044970feace88f25e7d8a5d4dd1e88d84,2026-01-23 11:51:00,0xb8af30eac73b78ff0e0d2ee2530f15191667918c,0x9e61af886c2818b764181c75f607ec7ae1091596,6413.37,transfer
0xa0350b5e7c12f1536a236b3db7249d87a63014139a69086c57c17b6e3aaf07cb,2026-01-23 11:56:00,0x90dc3a246686eceda4e71e53bc4614102060fee2,0x4c3a51bf0e2dfb7fe4067507b913d43aa8aa34e7,331670.67,mint
0xcba93eb3b120a6591d2fd8c6b8c2ab6e0d2965cb51f72da7bdecf1f6eea04890,2026-01-23 12:19:00,0x08d7d076ddb96be433676a54fc2e25945d0ad9a2,0x1bbf05980c514479a5f5d8e668007cf659108fb6,46860.95,transfer
0x0a9d0ff355cc9952a9681491962fbc4e27d6bb3ef3f69f15d1580fe0ef3251d5,2026-01-23 12:54:00,0x240e8f875eeb1e2634c09f9115e9ed9acdbe1c00,0x1c7def5409dd63b5697d5a6ab844d89ddee14037,5484.58,transfer
0x3f3ff6312c263d6c7fbde4b750292d362ecfe7cfc9994aeeea86068b4f4d5e12,2026-01-23 14:03:00,0x90dc3a246686eceda4e71e53bc4614102060fee2,0x7efc2b9772fc13a3b1841cbafb239d3e14effa43,81215.71,mint
0x086f3ca276076c52bf060cc95444e679912f2ec5b58202255c05b87c8b59ccc0,2026-01-23 16:15:00,0x90dc3a246686eceda4e71e53bc4614102060fee2,0x94db730d75ac8b46c49b1a29a3476db687a6c0a8,11768.86,mint
0xfc902e2b529e1159d45313d097f3e16deac5d7dc222e4722f76f69e80b23c56c,2026-01-23 16:18:00,0x90dc3a246686eceda4e71e53bc4614102060fee2,0xc4ea8d0f48bc65f24f0867e4ac4589259c8caf12,440266.5,mint
0x9947735e75fa590b2117500cf220cb8a8f273151ee8d6501b8bf8ca2dcc4eb2d,2026-01-23 16:38:00,0x90dc3a246686eceda4e71e53bc4614102060fee2,0x666d7cef9280982589949b6aec1993ca07187396,76597.77,mint
0x275e91c785da0fdf93b0aca02d000188a51546d3f1977dc1bc0b88758d50634b,2026-01-23 16:58:00,0x0b04930e954a1108ad6a1bfdda03f37d40d086c0,0x7850efc5efd30864ae7dbb26bfce89bdc83b8e7f,12855.63,transfer
0xcd99823f125dd2a3dbbf6c1632716572da45e4f1d76bdbb36adda4eb7b3b984e,2026-01-24 10:27:00,0x90dc3a246686eceda4e71e53bc4614102060fee2,0xbc59b91ec23a4254eba3e3017fadbd1e3f34ff3f,6269.8,mint
0x753d126014388db8981e72b9d42353356676af601c7f6643ebbe2e2b84848f50,2026-01-24 14:48:00,0xbc767f8340b0e31950a35041402b32fbc6354f8e,0x000000000000000000000000000000000000dead,173564.26,burn
0xa74e3bb8af024aa189d70cbf9aac93a7e65ccc938d1b011cc4c7f54b9d7be09d,2026-01-25 09:18:00,0x90dc3a246686eceda4e71e53bc4614102060fee2,0xf2fc0cbc914be463b37470ee9b815920bf22186b,243837.29,mint
0x973f0a85d14a073f6fa33b5df64832cefa00d84c8c55e3aa1258cbce68a01e48,2026-01-26 09:25:00,0x90dc3a246686eceda4e71e53bc4614102060fee2,0x100fc225e8f075c45509237fb6e007e6b0400e69,239123.24,mint
0xfb15a0e8dc17bf2bb58b7c2065657b9c72033071c4dae24bb63ac6de2f6f5e44,2026-01-26 13:46:00,0x90dc3a246686eceda4e71e53bc4614102060fee2,0xb19304d82bf299454c6b20c89e89ad88e773a0a6,169557.78,mint
0x75cba31651c6de4c6dfe56435314866e20cff4fc3bc8e4568fa83713d516f6f1,2026-01-26 15:23:00,0x90dc3a246686eceda4e71e53bc4614102060fee2,0x0a9deaed34f257c2e56fffc6acf523c571b25a9f,428726.42,mint
0x0f4a7be105f100f3305729ef280d7b2104afb37b561dd64581883afb971bec48,2026-01-26 17:26:00,0x08d7d076ddb96be433676a54fc2e25945d0ad9a2,0xbc59b91ec23a4254eba3e3017fadbd1e3f34ff3f,12908.85,transfer
0x087910204daf50dfd16e58d5ba928b23f415221f20f114843abcf92e800ce930,2026-01-27 11:24:00,0x597b6ab0fd089f24bf4e92d473845aaf727b449b,0x91de744face00ec6f866dbfd717d37206097628d,9259.4,transfer
0x302f2e1f1b10fe501579e773a4f633643ff6cf0c4f13702b6d1dfe7a5b47790e,2026-01-27 12:16:00,0x0b04930e954a1108ad6a1bfdda03f37d40d086c0,0x2434b785fdf98910f44defacec7e30024829ceda,1289.55,transfer
0xcca2d975041ed2067d9f814f34b2ed8ec445a18ac805d7d16064f7a8c436ed2c,2026-01-27 12:21:00,0x1bbf05980c514479a5f5d8e668007cf659108fb6,0xb8af30eac73b78ff0e0d2ee2530f15191667918c,16974.68,transfer
0xd6a330d0415928bd2e2b9ff693030ded5a4e6b888eb806b3800a24b03d2b0440,2026-01-27 13:04:00,0x90dc3a246686eceda4e71e53bc4614102060fee2,0x2e363b84e81257f86bbdc79d81973a0a4eb12d81,207939.42,mint
0xea9d15dca1499f61b433d14ef05815ec4efe7b96aae2300f1781b8930ba175e8,2026-01-27 17:33:00,0xf54ed7558d14649e5bba1775be3ef29d91b73bbf,0xab7b5f96b1f560fd0af86cd65f7a53d9be27fc57,3934.14,transfer
0xf70f93dc2a4e70eacd33f4556ff5e092615eee49f1c40f72f2a7bd23abfc6f00,2026-01-28 10:25:00,0x90dc3a246686eceda4e71e53bc4614102060fee2,0xec66dcf9460108ae8993c2ac8c5798932c0fbd52,219815.88,mint
0x23b4d90aec161da84bd2164341f331e1c415b596447934273ec528596e6156fb,2026-01-28 14:35:00,0x0b04930e954a1108ad6a1bfdda03f37d40d086c0,0x000000000000000000000000000000000000dead,2205.05,burn
0xfb82fc2e6c20327dc92d79b2f2c59699d8c6df3bb4ff45900bbf760951a0fc64,2026-01-28 14:48:00,0x90dc3a246686eceda4e71e53bc4614102060fee2,0x3812dee216b80fbd65cb2a428ecb1ec8370d36d5,218189.96,mint
0x307eb52f18953748fca908880c7c777bb2ea3801d6381df76735cad150501d45,2026-01-28 14:50:00,0x90dc3a246686eceda4e71e53bc4614102060fee2,0x40d1c490c470f0f2d85ba9fb15a316df3501f781,54751.08,mint
0x8fcd199fae8e7e33beb663012e6c69b901f308a03caa862853ffa450f8e4c33a,2026-01-28 15:32:00,0x90dc3a246686eceda4e71e53bc4614102060fee2,0x281ed9a1d63ffc2f31fda33e2f68a59f4474a938,484755.8,mint
0x8142f5f97cbe1106d44bc833261e1dfbee18fd0c4793c4c40b4cf58aae91e235,2026-01-28 16:48:00,0x90dc3a246686eceda4e71e53bc4614102060fee2,0x7bd6c7d150f679528de34128ef6fcc938454c4e9,326669.14,mint
0xce396b94fd9096a2798f053ef5d0de5c333be81c5e097d6a6d1adcc1aed4055b,2026-01-28 16:54:00,0x81f43e9a99358925c92acd3cb7956faa757c8984,0x91de744face00ec6f866dbfd717d37206097628d,3048.44,transfer
0x407ecc3a462b56a6b93f8bac25b7fd5df5e0b47674b433e7f902a1a0b6a7abd3,2026-01-28 17:12:00,0x90dc3a246686eceda4e71e53bc4614102060fee2,0xa976b367a66374466661802d945a48a768e53b10,482850.03,mint
0xfd3c2201604f4626f70e4db3afc9de7567aee8443b9b9c06de04cea9faa9e4f9,2026-01-29 09:02:00,0x90dc3a246686eceda4e71e53bc4614102060fee2,0xf95c1837c89408649c2421d6669c29bcefd749a4,131386.72,mint
0xa8497c25ba2480e8fb67557edb2833d2eea0d7b0c5133668d0a9a16a6951d14a,2026-01-29 10:08:00,0x90dc3a246686eceda4e71e53bc4614102060fee2,0x240e8f875eeb1e2634c09f9115e9ed9acdbe1c00,38868.27,mint
0x8ebc09f4e0406a4c5b1c5d062dd3a881bf88f4fe95a7a9f84f679a758be21b6d,2026-01-29 10:34:00,0x281ed9a1d63ffc2f31fda33e2f68a59f4474a938,0xff38abb82015eb4ff72aae9463da1eccb7caec05,58037.52,transfer
0x561c1de49b15565495550137230abb1dca4c12c0671fa814f24a073c8758032c,2026-01-29 11:12:00,0x90dc3a246686eceda4e71e53bc4614102060fee2,0x6ce6165227f5af448dc5807f2af258a8c95c0ffd,397297.14,mint
0x3d393bcd685901ed105bed7d25523125abc22cf18fd3c11c7c890858d78f13c0,2026-01-29 11:45:00,0x7850efc5efd30864ae7dbb26bfce89bdc83b8e7f,0x000000000000000000000000000000000000dead,12855.63,burn
0x7b12b31cd25b91308a75d2c9f5fae06df183166dbd24a6539879e3ed6fc0e52e,2026-01-29 12:03:00,0x983c90d6d139d7b4edd543507c8b9446efc25f80,0xba453a82ad96f42a1eab7d47f40771403919a02e,6306.77,transfer
0x81b6ce667967302c2fd86bd91d58f309a2aa9830cf2b19d1e66544c287ea8ca4,2026-01-29 13:24:00,0x597b6ab0fd089f24bf4e92d473845aaf727b449b,0x7efc2b9772fc13a3b1841cbafb239d3e14effa43,2784.22,transfer
0xbbe75fdb43f020310975ca00c1770b0b6d7748faa9b1670fcfca42ac8887b0d5,2026-01-29 17:25:00,0x90dc3a246686eceda4e71e53bc4614102060fee2,0x80da0deb17c2d1882099df3ee34bb9e3003f1075,436065.6,mint
0xda0e15abe0e7e0f201e163d360d2e5efb1f6e7baab970e74bba2ebf7e385e663,2026-01-30 10:12:00,0xc7d7fb3b6b691a41a1cc3fd6ac8a8ee5f5de4cd5,0x3e9e975d9d42aa5242536409eeb01434cecf593d,9639.65,transfer
0x427315454c8b7d0c49c128c9a74169236efec39903680dcf13f9740db2de1301,2026-01-30 14:51:00,0x90dc3a246686eceda4e71e53bc4614102060fee2,0xc706c1087f87a3cfde8eeac714d1e95970160890,176054.98,mint
0x9da778abbbabac650869849c86e4cf11cc2ef275c6f5834c4e20c7cea62b4d00,2026-01-30 14:59:00,0x90dc3a246686eceda4e71e53bc4614102060fee2,0xb23e4f529e17a740f247449b617b002fb28e22f6,9008.49,mint
0x188a11d8858743e08d67af5ef2f3071134cfc0827a91b0090e5d206a06737e09,2026-01-30 17:08:00,0x90dc3a246686eceda4e71e53bc4614102060fee2,0x3e6a08be99300260e403e893830c41ad3e800680,351143.14,mint
0xe326323c1949b86db29b33e52ff49d8a336499c6254c54bab97e28ba6b3f6075,2026-01-31 13:37:00,0x90dc3a246686eceda4e71e53bc4614102060fee2,0xc6356e42821d7ac11470ab9bb2db6f1d2e9e5a2c,379010.78,mint
0x3c881775d4826f61be895e21de8498b69962d577d512c14a7865b3807435381b,2026-01-31 14:10:00,0x90dc3a246686eceda4e71e53bc4614102060fee2,0x78add2ba52de8582958a16325a9754daa437368c,417255.26,mint
0x820c94529ccfb18a670757a849d01fbebafeceafcadaa5aeeb36761cd7f3f1cc,2026-01-31 14:32:00,0x90dc3a246686eceda4e71e53bc4614102060fee2,0xf2ed8d7e4562eef9dedbe089b67c1040976b27eb,315591.76,mint
0x608714be2ce4977033b9e7a0b8605efe5dc50c8a322c3b1d6801624ae4cb9340,2026-01-31 15:39:00,0x78add2ba52de8582958a16325a9754daa437368c,0x000000000000000000000000000000000000dead,113407.25,burn
0xb315d9b54d8cf7c05021b365b230e582d6bc805caf4f781f8df208f2d3e54890,2026-01-31 16:09:00,0x90dc3a246686eceda4e71e53bc4614102060fee2,0x0a05d3723c942f6acfa95d2601809a666615d21a,193775.33,mint
0x34853353b256bc5cdc0f99470d2154cafda010c6c66dd3d4731d09c5e8fdbb60,2026-01-31 17:02:00,0xf5e8ee6f109cac41d0d430e0c84cb273c7482fc8,0x000000000000000000000000000000000000dead,11995.15,burn
0x8d816af8a03ab02d56782138a04a23c76de409e2ae82ac70ee878929e8dc07cd,2026-02-01 16:33:00,0x90dc3a246686eceda4e71e53bc4614102060fee2,0xe949b8fe76ee65d31ffc0f440e578cc3d6257375,154550.23,mint
0x8359413d94a842eeb9adb0788dbb610673010f1f23bbd32ed54c894fadb6d914,2026-02-02 14:19:00,0x05226c7fa080bc29d7b697767d437a09bdcfd456,0x9a3df07d2fadb134a4da1b0aaed660d233a05710,2223.08,transfer
0x6140e8592daa10d2f4f5bf87fdd42ae26e54cdfad1141a29c147e9dd2fcabc06,2026-02-02 16:13:00,0x6dc8d085f05d82006f7acf69e3ad319daa7f611b,0xa0a0d9b8e44e6cf275eaad6a06a34cc6a425da65,3980.0,transfer
0x8030ea6fb7c85b8a1c210c546a1ffe7cf62b16168ba232d96933bd84ba0fa6b3,2026-02-03 09:23:00,0x90dc3a246686eceda4e71e53bc4614102060fee2,0xd86d462e6eed5cec2415adf5843379389ef55741,139901.04,mint
0x4fbe6ab4eb6837f3c68ab9dc60f583a835cf4240b6f6f0ddebd2cf7f0e19b713,2026-02-03 12:59:00,0x4c3a51bf0e2dfb7fe4067507b913d43aa8aa34e7,0x36119853e09d996e8d5be939b7d0eb9c21e74ca6,64022.71,transfer
0xe69a1aad042aecbb4d4361f8ce32ab436ac41f3fde1f0864ca3e04c1de6afdab,2026-02-03 17:34:00,0x90dc3a246686eceda4e71e53bc4614102060fee2,0x2e7ece9d406b99ecd12cc636a84533970c92919a,185606.31,mint
0x2bd18736a97d72a03b14a4bf55a1eab618213f04c985f358cc0273f5c1234635,2026-02-04 09:38:00,0x387de6d29ffae1232c78ad76aa43e891e81fb0ad,0x000000000000000000000000000000000000dead,11889.73,burn
0xbe3a969f443189f2c8e1b6deab5c96221fc96a0278c89632396aec01b5e24f70,2026-02-04 10:26:00,0x90dc3a246686eceda4e71e53bc4614102060fee2,0xa6f7a98dedced44ee95462713397317a7867869c,42273.18,mint
0x26dcda2a058c4f2da9ba10c3c1ecac7a00828d5cd0de7879f86b710541ba06af,2026-02-04 10:47:00,0xa4e19471b45bcae96f86681e208e25ef50f5c75d,0x6f6bc8c78ceda1de27d6fe70da1814479b1308c8,51597.83,transfer
0x3a42effc376f5f507396490e1b838afdf7099281b4c251a72e8bc9a5b8e06b72,2026-02-04 13:30:00,0x90dc3a246686eceda4e71e53bc4614102060fee2,0x80da0deb17c2d1882099df3ee34bb9e3003f1075,394323.84,mint
0xe3f37541516467534502b753d2e88f8b4def4e99ddc334c21541b43cf97d50a4,2026-02-04 16:58:00,0x240e8f875eeb1e2634c09f9115e9ed9acdbe1c00,0x25752a65834a75e08a635e9f8e7433f37ec4d736,2268.22,transfer
0xea1a9462fe0ef872332b14ffd2c5e15ed9f6e44d3be4c815a570d853d1f2980b,2026-02-05 12:25:00,0x1c7def5409dd63b5697d5a6ab844d89ddee14037,0xbc767f8340b0e31950a35041402b32fbc6354f8e,3655.78,transfer
0xfc4b5e949a4dccd606adbbad73390bc28d3070b3e16c7688e90f09e1f5f2a638,2026-02-05 12:35:00,0x08d7d076ddb96be433676a54fc2e25945d0ad9a2,0x3c9cd229452c4bd6ad1647b75c393ac1808795af,56674.11,transfer
0x3c03d0c6b83bcccf83f1ba7228be420bacebe97e6aa10f7c8cf5752768d7666e,2026-02-05 12:46:00,0xf95c1837c89408649c2421d6669c29bcefd749a4,0x000000000000000000000000000000000000dead,58631.32,burn
0xc014bb6cebdfaa3d550827ebee17c3de65c7a1c06b992267f5e9fded26b9d8f5,2026-02-05 14:43:00,0x0a05d3723c942f6acfa95d2601809a666615d21a,0x000000000000000000000000000000000000dead,151095.02,burn
0x8314614a15bec506c6cb35b4864b861e9716d2744ea8093d1c54e11016b8752c,2026-02-05 16:45:00,0x387de6d29ffae1232c78ad76aa43e891e81fb0ad,0x000000000000000000000000000000000000dead,115977.23,burn
0xe8cd7fb94a2a5cf01d2cb0c407ddb162c9aa7d6c725b914a4022bf1bcc1da675,2026-02-05 17:40:00,0x90dc3a246686eceda4e71e53bc4614102060fee2,0x8daf639646829391bd0b8fc74b745702d343579c,62754.59,mint
0x5afbe9794f94f23038939d855f5ec730ecd0f8b35dd0239b563d13b3a66ff0be,2026-02-06 09:37:00,0x90dc3a246686eceda4e71e53bc4614102060fee2,0x08d7d076ddb96be433676a54fc2e25945d0ad9a2,442696.25,mint
0x7b69cdcdac8c075d4f2baf9ec861865accc0530f77710b0402c809ed29c399a5,2026-02-06 13:24:00,0x36119853e09d996e8d5be939b7d0eb9c21e74ca6,0xedbe8d2030870ee4a423197502815643e0cd207b,48413.59,transfer
0x88459baa77537305b180907abdc798331ed4855db561207cd8303d5a2947fe45,2026-02-06 14:19:00,0x281ed9a1d63ffc2f31fda33e2f68a59f4474a938,0x4c3a51bf0e2dfb7fe4067507b913d43aa8aa34e7,9038.41,transfer
0x755f09b32acc6a7c9113ab6176d9b537c301551e3b035364173eac12463a32b5,2026-02-06 15:09:00,0x8daf639646829391bd0b8fc74b745702d343579c,0x000000000000000000000000000000000000dead,62479.64,burn
0x2bc9d2679d76297aaab2fe6b289c838c90dcd56ee4a37ae8e54c8fbd051cdf43,2026-02-06 16:34:00,0xc6356e42821d7ac11470ab9bb2db6f1d2e9e5a2c,0xf374818cd7d694cfeaf192ae47c1318a981d2321,29897.65,transfer
0xdcb3fa20e27f441a49b79c12b4439adcc940ffb938b561deb7d08022423a1537,2026-02-07 09:28:00,0x90dc3a246686eceda4e71e53bc4614102060fee2,0x7bd6c7d150f679528de34128ef6fcc938454c4e9,476003.16,mint
0x6ed6e3a29472c039bc366e47ee879fea6e13948f18447493e1da755e2863b2c7,2026-02-07 12:26:00,0x90dc3a246686eceda4e71e53bc4614102060fee2,0xe5a00ce6fcb0adf06ab9e4836af348ccf9d34011,98955.24,mint
0x73e18fc84b9c442efe22c5a4342fc25b8915f355aed62e5a53c8630de6d665f4,2026-02-07 14:26:00,0x90dc3a246686eceda4e71e53bc4614102060fee2,0x3856da9c78ad03448f710a487132c2bad7119ecb,225124.45,mint
0x2e617208f76d872c01eb33c8f8716ec2b1a58fbbafaf6fcbd999b66653622b92,2026-02-07 16:10:00,0x90dc3a246686eceda4e71e53bc4614102060fee2,0x31ab70aac67dd825c23598a57e931d48671a56da,36292.44,mint
0x3a6afa534efdc5c63da45e45f4a378afb52945ac6ea6fea5c0aa2c7f0861d549,2026-02-07 16:16:00,0x90dc3a246686eceda4e71e53bc4614102060fee2,0x1c52f257dd3ad1d15829bc090f254c2c01534800,337808.69,mint
0x8de3d75f7e8dd8bc757a4fb477c474b742d06a80895734a333f1ad6d06f2f5e1,2026-02-07 17:49:00,0x90dc3a246686eceda4e71e53bc4614102060fee2,0x407451333bf9a476e9c77d9111fd5be193402973,109992.38,mint
0x2603060af7cb6674d74d9126c69b14f37cf1d7c33ca2caa6c66a9d928cf83fce,2026-02-08 11:26:00,0x90dc3a246686eceda4e71e53bc4614102060fee2,0x6231be22eda4a2a07612ae820fd59fb55dd8cf6b,344411.73,mint
0x0546f56504dddbc3858c6e1e545f76b412b1b3cae7bf77fe620c1f5a90761782,2026-02-08 12:02:00,0x90dc3a246686eceda4e71e53bc4614102060fee2,0xb19304d82bf299454c6b20c89e89ad88e773a0a6,229553.66,mint
0xc2a4cffbcee7c16b1fd4eb3c697d03f1c5ae9a9a09a07fbc09b75ba3ffdb5340,2026-02-09 10:12:00,0x94db730d75ac8b46c49b1a29a3476db687a6c0a8,0x000000000000000000000000000000000000dead,290005.02,burn
0xdb66af6ec2691686254599d12a78b719ca2aff251ef4c104f7516f23606799f4,2026-02-09 10:51:00,0xa4e19471b45bcae96f86681e208e25ef50f5c75d,0x8aebff1d6ad9ca278f479f33fce9663dab89fe90,10002.44,transfer
0x841cb55a2f8ddd9702dbfa06dfff5966dfd744f2c0aa0c7a417f2a1e97e53bee,2026-02-09 14:32:00,0x240e8f875eeb1e2634c09f9115e9ed9acdbe1c00,0xf58cc69a39568b2b6aaf17793e4ef870e2121385,40772.16,transfer
0xf695303fd9f8bd6d3295a1035e2b0b1507a11e78ea00c13b6304ea9817c3f2a9,2026-02-09 16:29:00,0x1c52f257dd3ad1d15829bc090f254c2c01534800,0x31ab70aac67dd825c23598a57e931d48671a56da,31702.5,transfer
0xace734207e86addc0ce52baaf2b6ce5a22f25a74d2e4a664e6477ecc18e4908e,2026-02-10 09:36:00,0xd52a337b7808ec2ef88d2a60c092714e945554e4,0xe56977347c6ad67e63d098a9f3f5eb2c9dc78561,9940.41,transfer
0x753fd29b6a3e8b9007f3db0a6ac74d6d8939ee140785bc35f9426f5e62312893,2026-02-10 09:45:00,0xe3c013439b986f9439801284e5c9d7b3b86d66ba,0x000000000000000000000000000000000000dead,29603.43,burn
0x8737d85bc7bbcf14603f91256874079812cca762837217040bf229e076cf7541,2026-02-10 12:23:00,0x8e0bdcb48c6c60fe745d963edda8ded46b52b07c,0x8aebff1d6ad9ca278f479f33fce9663dab89fe90,49771.65,transfer
0x0ce63520e7734113ff82f49ed71249981452b23a1f813b444d1537673948c896,2026-02-10 14:26:00,0x6231be22eda4a2a07612ae820fd59fb55dd8cf6b,0xd27b2b19dffdfbc661652ab51f388587f4dedfca,47623.3,transfer
0xd66e2bb409348cdef618c6440f4784a35c9157aef421e22203be060b0c593e3d,2026-02-10 14:58:00,0x80da0deb17c2d1882099df3ee34bb9e3003f1075,0xba453a82ad96f42a1eab7d47f40771403919a02e,10311.07,transfer
0x69f6f383b1713349afb415b927ad032001f6923dd0e64b0bd6854e39ad4c28c5,2026-02-10 16:55:00,0x90dc3a246686eceda4e71e53bc4614102060fee2,0x96f5ce46e2a8353b2ceca104fe6004c0fa34c439,67332.32,mint
0xf8797367d4abc03f7bd75f6b9a7eb600d5b91d1b01fdc847546fae848a6381e0,2026-02-11 11:01:00,0x6231be22eda4a2a07612ae820fd59fb55dd8cf6b,0xa6f7a98dedced44ee95462713397317a7867869c,15460.52,transfer
0xfa8448a3bff0cd37a621a5b7587e5b1db81385494e7cd45038789aa5c8eb43f8,2026-02-11 11:33:00,0xa0a0d9b8e44e6cf275eaad6a06a34cc6a425da65,0x000000000000000000000000000000000000dead,4391.43,burn
0x2c50508dfa47b801dc22492dd9b6924ac09f64c8573ea4e88927ff836a1b06fb,2026-02-11 13:35:00,0xa389f357db6af3c4a715af25d83a9e608bcf8a35,0xc6bae6632ea0e09fea0182670293ef0f71023db5,31688.6,transfer
0xcaf0e9cfb43749f71c14b1b114a2286ad19896d057c70903da45fd3faaf3892e,2026-02-11 14:42:00,0x90dc3a246686eceda4e71e53bc4614102060fee2,0xa18cc4b53224ef17c8953229e918192fe03d4399,91376.07,mint
0x02013880527029ae3419162ac33d8a7af6ef6b7f5f2d393239e3f7eb7c1c1f4b,2026-02-12 12:21:00,0x7bd6c7d150f679528de34128ef6fcc938454c4e9,0xb8af30eac73b78ff0e0d2ee2530f15191667918c,46409.68,transfer
0x39262a612c54fa8cefcf93da32fd92875cc2451cf8e791d89e3507c5253f6ecb,2026-02-12 12:24:00,0x8aebff1d6ad9ca278f479f33fce9663dab89fe90,0xf374818cd7d694cfeaf192ae47c1318a981d2321,29603.6,transfer
0x9a1315cd7bb35c629b0b9d8deebf6163233c1f7921ccce7bc15031d6e77a468f,2026-02-12 12:31:00,0x3e6a08be99300260e403e893830c41ad3e800680,0xb0cbf5bbd53663229a485b11dbe05a25759327e5,74524.9,transfer
0x024a2968e354df9f865b95a8c32bb801fd70dbe4d4582d0c62b9b9421a52e80e,2026-02-12 13:09:00,0x6dc8d085f05d82006f7acf69e3ad319daa7f611b,0x0a9deaed34f257c2e56fffc6acf523c571b25a9f,1224.08,transfer
0x2c45a688e8fe16d33fd5dc3ed517cfc18d2b0f8c213ad1971833baca9da0a9b9,2026-02-13 13:48:00,0x96f5ce46e2a8353b2ceca104fe6004c0fa34c439,0xb8af30eac73b78ff0e0d2ee2530f15191667918c,13410.68,transfer
0x56fe344b8807517252786e7eaabde05f9f68e2e082b3b023ffa01ecea9fce27f,2026-02-13 16:29:00,0x7ce75c87e227af06081952fd0a86fc92e141df57,0xf95c1837c89408649c2421d6669c29bcefd749a4,5235.29,transfer
0xa36b4150d87d3000ec77acf993bbf11836e5ac464a3d58fefc65443d96f008b7,2026-02-13 16:33:00,0x90dc3a246686eceda4e71e53bc4614102060fee2,0x2e363b84e81257f86bbdc79d81973a0a4eb12d81,395273.61,mint
0xa07c93a3d16b0924531c629efb7f65348b3b5faab519a711378bb2212c5e1750,2026-02-13 16:46:00,0x89f1d535c8dc6a8cac48ee07d2b2b0d5dab32ed2,0xac740b89c4e0f41fd08ca1e379eed3fff171fdaa,1938.92,transfer
0xbbe0f06301f72143d0411f1d8ff8a9f8a10f3b18ff7a86a45231a930f5b68cbd,2026-02-13 17:21:00,0x90dc3a246686eceda4e71e53bc4614102060fee2,0xc6bae6632ea0e09fea0182670293ef0f71023db5,228742.68,mint
0xe6d5baea5ee17b8e69f3516cba16847adcd245b7bc772bff25457e5f7fb205c7,2026-02-14 11:29:00,0x90dc3a246686eceda4e71e53bc4614102060fee2,0xb19304d82bf299454c6b20c89e89ad88e773a0a6,36461.23,mint
0xefec9d1d1c44d75d229ad74bf4060b5fcf0a71c69a689c77e28903ff04f14c8d,2026-02-14 12:17:00,0x90dc3a246686eceda4e71e53bc4614102060fee2,0xffe3ee80271ed11c6c986362e21b0c620b48af33,78425.24,mint
0xe2a9c0fd153d7938c4ba9cdfecc3d896b01f5dea45e1f2aea11c7900c09d4be4,2026-02-14 15:20:00,0x90dc3a246686eceda4e71e53bc4614102060fee2,0xc2681893fc94a7a01808d814a3aa27dc17c4616c,30937.51,mint
0x893bcfbd2da7b87591f95e43ce086b681355822df0e38ff7f90032557ed74b72,2026-02-14 17:22:00,0x90dc3a246686eceda4e71e53bc4614102060fee2,0xd27b2b19dffdfbc661652ab51f388587f4dedfca,392697.36,mint
0x8acf3997647ec3882256ef515a34ccd19e672b40eccc76fad15aebe4034d99f4,2026-02-15 13:39:00,0x90dc3a246686eceda4e71e53bc4614102060fee2,0x7850efc5efd30864ae7dbb26bfce89bdc83b8e7f,20419.57,mint
0xbb06d9d6a238b7004e71cbe04b5d46f90da7d0cd97829d1f037419799257ace6,2026-02-15 16:12:00,0x90dc3a246686eceda4e71e53bc4614102060fee2,0x358b816b0dcdeb9429e2af74f6807322658ce140,58441.11,mint
0xa102c7f2e9603e950c421f009ace7243b2035455959e29204b0438827faad44f,2026-02-15 17:19:00,0x90dc3a246686eceda4e71e53bc4614102060fee2,0x905eac2b170161636e4d8a925df9fdb5f0120494,294755.52,mint
0x3208312200fbc2cf843f914d091db93d8c3b7d13d54848a66b591163941632d6,2026-02-16 11:46:00,0xc7d7fb3b6b691a41a1cc3fd6ac8a8ee5f5de4cd5,0x2fec9e6a19342c33d0f7cc35b73a801dcd9e4bf4,77142.5,transfer
0x0b8e8d00534715d16447177c14efa0096df45c34c7f08a27f2a95b38b1b53508,2026-02-16 14:10:00,0xd86d462e6eed5cec2415adf5843379389ef55741,0xbc59b91ec23a4254eba3e3017fadbd1e3f34ff3f,33321.61,transfer
0xe66da8096172fad47c346061d3f87ec7b755250df4a04ae101143eea62f2440d,2026-02-17 09:33:00,0x7ce75c87e227af06081952fd0a86fc92e141df57,0x5588ad1bc608ed323bb42389b874266eaa6434e0,57101.25,transfer
0xd0e0e6eb066334348e9a423191bc59ec1ee4d50e67a08ec925f19686ee10fea8,2026-02-17 09:53:00,0x407451333bf9a476e9c77d9111fd5be193402973,0xbc59b91ec23a4254eba3e3017fadbd1e3f34ff3f,14213.03,transfer
0x7f1b72e0f43dcf6346fbc4c588592a613d9bb3c7901dfd4ce3c2c3ba904376dd,2026-02-17 11:58:00,0x0a9deaed34f257c2e56fffc6acf523c571b25a9f,0x0b06347cbacf162f45e62d63c6fa3eabf26fbb6e,63874.59,transfer
0x5efb01b805d03d1674f02faddc1c375d94f8356f7f19b0e8c77e8603769b50b6,2026-02-17 14:00:00,0xf0cad239c3122034b4bbf44d477834d414ff6f3a,0x026dbf3664d99e537e25b993303860919e547511,42000.0,transfer
0x853adef6a6641ae57014026907581bdcb986f6c0482fde79c7244c5a0e177ae1,2026-02-17 16:22:00,0x90dc3a246686eceda4e71e53bc4614102060fee2,0x89f1d535c8dc6a8cac48ee07d2b2b0d5dab32ed2,131170.45,mint
0xe5dc4e6262cd7e75805f164cbeb199295433e6f42c3165238cb203e602aaeb89,2026-02-17 17:41:00,0x36119853e09d996e8d5be939b7d0eb9c21e74ca6,0x0b04930e954a1108ad6a1bfdda03f37d40d086c0,1477.65,transfer
0x6b33a064f4750bb5f21c4df3575522fd78b16dd9d68486550d44ca7207ce64dc,2026-02-18 09:48:00,0x36119853e09d996e8d5be939b7d0eb9c21e74ca6,0x1bbf05980c514479a5f5d8e668007cf659108fb6,4790.67,transfer
0x0dad481cbf983c018c8ad3e6bb79c451cddc4f1269d0953ce15020d7e55d6725,2026-02-18 12:44:00,0x90dc3a246686eceda4e71e53bc4614102060fee2,0x2e7ece9d406b99ecd12cc636a84533970c92919a,118104.32,mint
0xdc093f4ea953eda165df6a9c7120a8d08cb21ba50c8efe52c99c6a8b1ad2bb20,2026-02-18 13:18:00,0x90dc3a246686eceda4e71e53bc4614102060fee2,0xbc9b976884e23b7b4d541d65ed831693e2afe83d,189460.2,mint
0x85f882b96ad8c892542d2d67599f9783e6bc893694be26af987534811faf29b6,2026-02-18 16:20:00,0x90dc3a246686eceda4e71e53bc4614102060fee2,0x407451333bf9a476e9c77d9111fd5be193402973,366158.19,mint
0x5992cca647f24c2efb9101a283e47eac8f9318139e6b026fb103b435328ecc11,2026-02-19 10:36:00,0x90dc3a246686eceda4e71e53bc4614102060fee2,0x0b45a31ea0bd6029a5410df4cd2463d0ab45580f,478529.19,mint
0x15baf6d5b8a5b752ed06a28405bd7653ff4b92da12b062798ba7562a013419bf,2026-02-19 12:19:00,0x90dc3a246686eceda4e71e53bc4614102060fee2,0x31ab70aac67dd825c23598a57e931d48671a56da,229589.13,mint
0xa0fea072b3ad4be908df55c42af1944c6443cdfd90f3e0bebb877524728589a4,2026-02-19 15:08:00,0xab7b5f96b1f560fd0af86cd65f7a53d9be27fc57,0xfd5ac20141f3b5dc951e61be1aa62ee04e47f5ab,3178.65,transfer
0x0e899da94c62564ff79e3d92a1430a18341d2e4363c69083ecc273782d2955c3,2026-02-20 09:18:00,0x90dc3a246686eceda4e71e53bc4614102060fee2,0x1a3c0bfb3a01f1a181d726d01bba67cc5b4bd1e9,404574.58,mint
0xbe53acdd1298499199034d2e9ad2a1d6d71d46feb5b7d7f2823e753200376a88,2026-02-20 10:45:00,0x0a05d3723c942f6acfa95d2601809a666615d21a,0xe385ef795440cb68ba5d8fdfe1c8a4837b84512e,22290.55,transfer
0x5ee44f486c6d52dcf03fb6b1eec1f009fb13ddd8639224ca39b1da12ac142a92,2026-02-20 11:00:00,0x1bbf05980c514479a5f5d8e668007cf659108fb6,0xa6f7a98dedced44ee95462713397317a7867869c,10021.68,transfer
0xac7369700ec155c87cbc4c759ad87f24ffbaeb647128e6744f9de337ff42750c,2026-02-20 11:18:00,0xec66dcf9460108ae8993c2ac8c5798932c0fbd52,0x000000000000000000000000000000000000dead,178306.43,burn
0xd8c67f780c6b769c946f02bf5bc47c1b809d24aea17f3a2b1282342a3c583961,2026-02-20 17:24:00,0x90dc3a246686eceda4e71e53bc4614102060fee2,0x1ecb7085a2f8be845a5edcbad083e234746ea9da,437435.65,mint
0xe86cd651888a11b673b44806d9d1e240a0efae8d68ac057586eea554075ebb59,2026-02-20 17:59:00,0x90dc3a246686eceda4e71e53bc4614102060fee2,0xe3c013439b986f9439801284e5c9d7b3b86d66ba,47255.36,mint
0xb9a990750ed0e44dc0b9a3b07362a0bb1e181ffda36baece9d8a6fe9bbfe728e,2026-02-21 10:22:00,0xf95c1837c89408649c2421d6669c29bcefd749a4,0x000000000000000000000000000000000000dead,78155.78,burn
0x2731bb08e6dedc81bdc5a4f16f20e29015db3ac098dd2d4914c36811cd449ba7,2026-02-21 14:49:00,0x90dc3a246686eceda4e71e53bc4614102060fee2,0xc4ea8d0f48bc65f24f0867e4ac4589259c8caf12,81591.44,mint
0x4f0ed8a29a7a636f161bf1ef4c8583d92c276b1f6102a8dae205646c580a5604,2026-02-22 16:41:00,0x90dc3a246686eceda4e71e53bc4614102060fee2,0x6f6bc8c78ceda1de27d6fe70da1814479b1308c8,382392.71,mint
0x1176eed34913bb545ee5b55cbd6bc36d436c6f0f89a4cc1e4f5d55205a96282c,2026-02-23 13:47:00,0x90dc3a246686eceda4e71e53bc4614102060fee2,0x10e85bc1c07e21a1aa9bcefa477ba9cdc46db039,435582.04,mint
0x9326bf0978c9988a58c7b600e1a1e98735298711eb911983529631b12d8f2984,2026-02-23 14:03:00,0x7ce75c87e227af06081952fd0a86fc92e141df57,0x6803c088713eafc236deebeffe450d61510713a9,43821.43,transfer
0xe20ca9e85a3b08a37ce8aad02197d4f8c52540a666018e2889024e0b8111f974,2026-02-23 17:29:00,0xb23e4f529e17a740f247449b617b002fb28e22f6,0x100fc225e8f075c45509237fb6e007e6b0400e69,7086.49,transfer
0x8823284d99c5a0cd7f528ae1d914f91aba860f5ef3cc388724185885892d40ec,2026-02-24 09:01:00,0x5588ad1bc608ed323bb42389b874266eaa6434e0,0x4c3a51bf0e2dfb7fe4067507b913d43aa8aa34e7,13260.48,transfer
0x0522dc73d190ce4d6b0445e12d3ee4f0233fc34bbf09070fea6e45443e785512,2026-02-24 09:34:00,0x6ce6165227f5af448dc5807f2af258a8c95c0ffd,0xf9e79b7e3387939e77d85c2bd60dd08f5ae4130e,59143.11,transfer
0xc7b7c5fe8e3a3f463ecf518570f52e121acd915c19b79ae83e6ec660e2b42a30,2026-02-24 16:01:00,0xfd5ac20141f3b5dc951e61be1aa62ee04e47f5ab,0x1ea27efd10064e96aa0dade91d50c35b947da483,1648.6,transfer
0x71198beb2ff391a7c8d249850290e1e7cd2d01dc828b5ba6f3548a28b9e465d2,2026-02-24 16:13:00,0x90dc3a246686eceda4e71e53bc4614102060fee2,0x6c23324b96da8ef29d332922a47424e7c97962b9,486046.11,mint
0x2e347fa3088784ddcbec9b7e9ead3af4792318f329897d66849bdc7b39ac28a7,2026-02-24 17:26:00,0x597b6ab0fd089f24bf4e92d473845aaf727b449b,0x0a05d3723c942f6acfa95d2601809a666615d21a,21762.4,transfer
0x798049e70748d428227c2dfd10d0b8e94753e644a1d998cbe44ebca1c7292cca,2026-02-25 09:32:00,0x281ed9a1d63ffc2f31fda33e2f68a59f4474a938,0x7850efc5efd30864ae7dbb26bfce89bdc83b8e7f,69357.95,transfer
0x34720e40d2161dd48de88696d87540d7ef9747ad479322f4d1e228148a7a02d7,2026-02-25 12:52:00,0x90dc3a246686eceda4e71e53bc4614102060fee2,0x1bbf05980c514479a5f5d8e668007cf659108fb6,212817.08,mint
0xa990008b2cfa3edffb9e541b659d92f907a9682de809f545847412093c7203cb,2026-02-25 15:51:00,0xf9e79b7e3387939e77d85c2bd60dd08f5ae4130e,0xe949b8fe76ee65d31ffc0f440e578cc3d6257375,17580.38,transfer
0xe1f65c734d17735e1aeff122d82642bc4fe0ec6ea9f13b2e56ddf6a356f301ec,2026-02-25 17:17:00,0x90dc3a246686eceda4e71e53bc4614102060fee2,0x6fce73ee29d6ef20a749ce50bcc9f4a8f2a56688,165569.53,mint
0xd7354f81bead51f2924baa4ef72319e42aab4bc8833e3a92fbdc516641433819,2026-02-25 17:18:00,0x3e9e975d9d42aa5242536409eeb01434cecf593d,0xd27b2b19dffdfbc661652ab51f388587f4dedfca,6953.87,transfer
0x34989d54fdb981c43c28bb89aaa453abf13d213757a4476d5d053ce40e7ae0ab,2026-02-25 17:44:00,0x90dc3a246686eceda4e71e53bc4614102060fee2,0x0cc8fdc22319465956d8c8b2971e274efe9413e9,378445.76,mint
0x8b63f81d708d84f696c8168c7d36fc519859aa0ae701fd21ff8b6aa500e3e68c,2026-02-26 10:26:00,0x90dc3a246686eceda4e71e53bc4614102060fee2,0x3c9cd229452c4bd6ad1647b75c393ac1808795af,218174.23,mint
0x4581236b58f9fe8ac6200a5db555758014e9a524a7b60d44f12bcdd394c37416,2026-02-26 10:33:00,0xc6356e42821d7ac11470ab9bb2db6f1d2e9e5a2c,0xb23e4f529e17a740f247449b617b002fb28e22f6,50988.88,transfer
0xc24d1b104aab8801f9d197e9c6f4d335feabab8bea9c602b9ed9ed672a452fc4,2026-02-26 10:39:00,0x90dc3a246686eceda4e71e53bc4614102060fee2,0x7850efc5efd30864ae7dbb26bfce89bdc83b8e7f,111706.64,mint
0xe0b1525ab0cde9ab9204fbdf189a46dc4476b8f55f557d86da04441986b9fd84,2026-02-26 10:58:00,0x6c23324b96da8ef29d332922a47424e7c97962b9,0xb0cbf5bbd53663229a485b11dbe05a25759327e5,11999.56,transfer
0x79945568143fd2eba337ef610e275863d7a38d6049eeeaa22a0a490a8c915dff,2026-02-26 17:14:00,0x90dc3a246686eceda4e71e53bc4614102060fee2,0x64f07c85e007dce2678d45b56f2a2a8435774d6a,106189.45,mint
0x1d7c2643dea2871e9c01bf632f9713569bc3836d98f5807aab59fc9bc103d516,2026-02-27 12:12:00,0x6f6bc8c78ceda1de27d6fe70da1814479b1308c8,0xa4e19471b45bcae96f86681e208e25ef50f5c75d,64629.8,transfer
0x7b321dba19245694735ea6c9ca25746db7c19f2990935fa0337bef1ea4b55127,2026-02-27 13:08:00,0x90dc3a246686eceda4e71e53bc4614102060fee2,0x2434b785fdf98910f44defacec7e30024829ceda,332659.65,mint
0x87877eee262240473d9f1bcc7d277af5cdba54679287183cc32aab5ae9932704,2026-02-27 17:16:00,0xbc59b91ec23a4254eba3e3017fadbd1e3f34ff3f,0x1c52f257dd3ad1d15829bc090f254c2c01534800,35977.92,transfer
0x707c47fca5ee60bbfb0d6ed140cdca807d66f570c1f5cb53ba956ad4d15564c0,2026-02-28 09:42:00,0x90dc3a246686eceda4e71e53bc4614102060fee2,0xa18cc4b53224ef17c8953229e918192fe03d4399,27481.59,mint
0xdf38c0d2402e7fd9c07eb31f2bbb13f32fcc17467297e18b2a02b77199c63e9d,2026-02-28 11:00:00,0x90dc3a246686eceda4e71e53bc4614102060fee2,0x1e45e3bbdc0ca7558cbc5e8a98c155a760b39662,43541.99,mint
0xe756b88857b49f01ee1cff62d500642c2b283ed7fa18cd081afda74520b74c56,2026-02-28 11:26:00,0x90dc3a246686eceda4e71e53bc4614102060fee2,0x8daf639646829391bd0b8fc74b745702d343579c,15324.0,mint
0xfd9055a42fd661efeca236c7934329ff890d757a14e803ef5d69e9a4e6260189,2026-02-28 12:15:00,0x90dc3a246686eceda4e71e53bc4614102060fee2,0x2380eddf6863eacab5585befbcfa7afd2faea1ad,145207.0,mint
0xc484853c8b51ed204fd52e9ee9aa93f5a2760c8b8711b7e7da73aa341f957f23,2026-02-28 14:45:00,0x90dc3a246686eceda4e71e53bc4614102060fee2,0x0b45a31ea0bd6029a5410df4cd2463d0ab45580f,252629.86,mint
0xb967e3d6e2476f0bb13bbdb3d70162b307f37a40ae1233a1a4bd0ccf4f02cde9,2026-03-01 13:20:00,0x90dc3a246686eceda4e71e53bc4614102060fee2,0x40d1c490c470f0f2d85ba9fb15a316df3501f781,43930.31,mint
0x4a53d237b01904601b47e255fc36df244dedb899faca3ec6ca89bc9634b6a7ad,2026-03-01 16:06:00,0x90dc3a246686eceda4e71e53bc4614102060fee2,0x281ed9a1d63ffc2f31fda33e2f68a59f4474a938,372310.46,mint
0xb389b94f25e9cb70b3b3080d98302165c9603a0b6f077014cd198bca8b1fd809,2026-03-01 16:30:00,0x90dc3a246686eceda4e71e53bc4614102060fee2,0xb0cbf5bbd53663229a485b11dbe05a25759327e5,346356.97,mint
0x46d5cff711e1773a4011fb48154105bbc8b6e5a86c111915ae38a2f1ab032b6e,2026-03-01 17:59:00,0x90dc3a246686eceda4e71e53bc4614102060fee2,0x7bd6c7d150f679528de34128ef6fcc938454c4e9,205189.33,mint
0x852eae9b0eff8e19a2626d7ca5027e4a0bdbda136392dca5261bd5a5593a7253,2026-03-02 12:48:00,0x90dc3a246686eceda4e71e53bc4614102060fee2,0x387de6d29ffae1232c78ad76aa43e891e81fb0ad,57402.25,mint
0xdf2d1d9187ab9fcd6f2c3686816f1e82f16f99f53f0e329d493c18a313fc6f57,2026-03-02 13:50:00,0x7ce75c87e227af06081952fd0a86fc92e141df57,0xc7166139c69aafa3582030510c0183b882560bbb,14301.81,transfer
0x2cff5b54dd0dbe5c705f6811d2b2225f64037436f2d6e2883d87374920bac304,2026-03-02 14:25:00,0x119cc3256cebec0fcd5464fc6ba8e39e220e1291,0x8daf639646829391bd0b8fc74b745702d343579c,23857.33,transfer
0xe415862ec399fed1e1678cf850da1cf47adefd733dd7e912f14943759af6b828,2026-03-02 15:05:00,0xec66dcf9460108ae8993c2ac8c5798932c0fbd52,0xce3592b16c5ed93c64cad2805d9846d839492746,40921.59,transfer
0x3b2396b0f64ffec6575a9acdc2ce1ca9c0979fa7129d054a718d59448f03413d,2026-03-03 09:05:00,0xe385ef795440cb68ba5d8fdfe1c8a4837b84512e,0x996223e5ed4a4c4e689c8ac61f733b6960f96d7d,3886.76,transfer
0xbad54ef692fe669e3d3610178245017b7c4e69df3a4fb788752d69fbdd70c2f3,2026-03-03 10:41:00,0x90dc3a246686eceda4e71e53bc4614102060fee2,0x1c52f257dd3ad1d15829bc090f254c2c01534800,410379.56,mint
0x09e55259ad9c030098d3d462502ec1bf481b67ebb0aba386b08cf8f4cf2da9cc,2026-03-03 10:41:00,0x7bd6c7d150f679528de34128ef6fcc938454c4e9,0x2e7ece9d406b99ecd12cc636a84533970c92919a,73582.73,transfer
0x0f63bcbaf99722cb481f0b2d6e97ffd3b735d15dcaeee8da491c5e5b95893c1b,2026-03-03 12:19:00,0x36119853e09d996e8d5be939b7d0eb9c21e74ca6,0xb1fb7d733ce2e0ffb66bb17cf339ea63bf63f0fe,6850.46,transfer
0x9aa8e55185d9f7fc6a792259baa1dd23ecec00a9d45a9397d8dd9660e91aecb0,2026-03-03 12:34:00,0x90dc3a246686eceda4e71e53bc4614102060fee2,0x9a3df07d2fadb134a4da1b0aaed660d233a05710,131704.27,mint
0x49433c65c1f85505e385e750a7205a1f6f46fbe79df05a6c8894c09e222ea624,2026-03-03 12:44:00,0xc0b545448c31cf38ba14a3fb76ebeb80a0efd6b0,0xee04b402b9999d865624a5ee39ec1fdef9ccc824,12553.23,transfer
0x4da9859287eaa790ee0c40b605d248c103c94f43a8373a5ef0113ebc0becac10,2026-03-03 13:41:00,0x90dc3a246686eceda4e71e53bc4614102060fee2,0x36119853e09d996e8d5be939b7d0eb9c21e74ca6,88225.69,mint
0xcd7c7ab9e45e3dcae280ef90216e5fe9cd0352187b291faa429794cbdcdd0b08,2026-03-03 15:00:00,0x90dc3a246686eceda4e71e53bc4614102060fee2,0xfa6c11b002c6bf95d6a82585f7cabb1fe4afc5b9,25000.0,mint
0x727e0513bec3a4ced6cba9f34e3549df477660d40021da02e396d286c971141c,2026-03-04 09:40:00,0xee04b402b9999d865624a5ee39ec1fdef9ccc824,0x9e61af886c2818b764181c75f607ec7ae1091596,9797.48,transfer
0x5dfbdae5105304bc91a452fc3322df4a5ca1e829fa3da74b7ee0d25883561503,2026-03-04 09:44:00,0x0b45a31ea0bd6029a5410df4cd2463d0ab45580f,0x5588ad1bc608ed323bb42389b874266eaa6434e0,39667.24,transfer
0x165ad4288ad67420822c7a565a49c629189579adbfea2d3718c3461d79ab3d8e,2026-03-04 09:58:00,0x805bc406c4c1e13054b81123ec0f8e85d8376aa9,0x000000000000000000000000000000000000dead,329476.96,burn
0xde975c6cbceec57bdde35f7be5a3336eef17458910c3610a680a6c0df76487bb,2026-03-04 09:58:00,0x90dc3a246686eceda4e71e53bc4614102060fee2,0xab05cc5ec1449e435b2a50328b9167276091c8b1,453431.75,mint
0x03455fef0d492076959cf9739fd38c6bbc87b3d07659a6ac68f836f97a46a3b0,2026-03-04 15:24:00,0x08d7d076ddb96be433676a54fc2e25945d0ad9a2,0x1a3c0bfb3a01f1a181d726d01bba67cc5b4bd1e9,50597.21,transfer
0x3199c3b48c5e00df23848878b36ce298665bb9b7fa573e15bdd1bffd0f7b85a9,2026-03-04 16:11:00,0x90dc3a246686eceda4e71e53bc4614102060fee2,0x240e8f875eeb1e2634c09f9115e9ed9acdbe1c00,233562.53,mint
0x994ba4b5329374a4d0acfa6ecbe2074aca4947d8c452e27091adbef548394f41,2026-03-04 17:30:00,0x8daf639646829391bd0b8fc74b745702d343579c,0xba6f279f3bc7afe266e2fb33d38ab86ebd4b932a,4739.65,transfer
0x67976dfdc92a7104b8d10c0f4c731a6bec55e08fb9b8c53a78eb8a407daf0197,2026-03-05 09:00:00,0x90dc3a246686eceda4e71e53bc4614102060fee2,0x3cd5e62c06f96bd981268e7140748367480667e9,195318.83,mint
0x3dc24089354e7bb115c6ee1c80f6173ff70926e46faa57e5d017acbf19ee59b7,2026-03-05 10:31:00,0x7bd6c7d150f679528de34128ef6fcc938454c4e9,0xbc9b976884e23b7b4d541d65ed831693e2afe83d,32825.21,transfer
0xd13c15b32a1cd293ab15c1a279d9b981675bfadd6390e335c8e6f63a4b574bb8,2026-03-05 11:59:00,0x90dc3a246686eceda4e71e53bc4614102060fee2,0x31ab70aac67dd825c23598a57e931d48671a56da,493333.31,mint
0xe3c278576ca844b1f4786a852119723c2266f941ea298c3b41341069cb96a9bb,2026-03-05 13:56:00,0x25752a65834a75e08a635e9f8e7433f37ec4d736,0x000000000000000000000000000000000000dead,2268.22,burn
0xb46ba3ed12a65ffe88060b03e87b24c4b3dbd21a4b8aece3631af19b1b8eee53,2026-03-05 15:41:00,0xc4ea8d0f48bc65f24f0867e4ac4589259c8caf12,0x0b04930e954a1108ad6a1bfdda03f37d40d086c0,55881.59,transfer
0x493e5e56a37eb1f6a65209bf86eafcea9443f0ae3c35e90283ddd13fa55080a0,2026-03-06 09:14:00,0x3812dee216b80fbd65cb2a428ecb1ec8370d36d5,0xbc59b91ec23a4254eba3e3017fadbd1e3f34ff3f,76070.07,transfer
0x080c7fccd08a3859cdeea55c58fe409eaa276995191cf5b4ed11260394dcbc0b,2026-03-06 09:53:00,0x90dc3a246686eceda4e71e53bc4614102060fee2,0x77cc28eab51f42dbb575cc598cc4cf98fe26898d,38801.7,mint
0xed24472ddff1dc231abc26cbd2de29325ffc37369f12b17081408a6d8c5fa3ed,2026-03-06 10:57:00,0xee04b402b9999d865624a5ee39ec1fdef9ccc824,0x35dbcfcee03e56effa41dbeca7538d6a96d08b0d,1004.34,transfer
0x390fc3df6c78092afac65de195e53243c67620d3f4390a2507710c1271d6d98b,2026-03-06 10:59:00,0x90dc3a246686eceda4e71e53bc4614102060fee2,0xf58cc69a39568b2b6aaf17793e4ef870e2121385,35627.48,mint
0x1ed5e937f466549cea171b6426ce7ff0fd412be638c48b217b49f8217ca0dde2,2026-03-06 11:26:00,0x90dc3a246686eceda4e71e53bc4614102060fee2,0xd86d462e6eed5cec2415adf5843379389ef55741,284049.06,mint
0xfd577af9265c42086361959b112891a71423e6e23b5b024cd7a3adf0695f8230,2026-03-06 14:18:00,0x3856da9c78ad03448f710a487132c2bad7119ecb,0x000000000000000000000000000000000000dead,46742.92,burn
0x525cebe47d4d6ee9bd6440486f6284ca50cba2c607fb096f01adcab7f2fc75e6,2026-03-06 17:58:00,0x31ab70aac67dd825c23598a57e931d48671a56da,0x996223e5ed4a4c4e689c8ac61f733b6960f96d7d,58743.62,transfer
0xce42092055f2efca61b30aa58cd9612108dca3a4c8d6d3d452e442ebe6cb5b84,2026-03-07 16:56:00,0x90dc3a246686eceda4e71e53bc4614102060fee2,0x8e0bdcb48c6c60fe745d963edda8ded46b52b07c,172491.74,mint
0xee3375aa89895094a3b2ab3e45752f1b12711ad01f818f148f87d7056b65708f,2026-03-07 17:29:00,0x90dc3a246686eceda4e71e53bc4614102060fee2,0xa1165004098c387e5efdeb6bfe10408a94bc5197,426525.3,mint
0xdb190017f8c4175e0f4787b5ef65d007a850dab78301ab79444f455b291a1d9a,2026-03-07 17:33:00,0x90dc3a246686eceda4e71e53bc4614102060fee2,0xe385ef795440cb68ba5d8fdfe1c8a4837b84512e,83579.37,mint
0xc7c404ef0a3cb6ddd6e1dfcb7dfa46baa70d6bfd9dfeb461e874f3ce3cb9c66f,2026-03-08 13:12:00,0x90dc3a246686eceda4e71e53bc4614102060fee2,0x1c52f257dd3ad1d15829bc090f254c2c01534800,333487.99,mint
0x4214f6709bcd34928b1f45ec3c721a5f09501240ecf1e8deea733d498a380e3d,2026-03-08 13:36:00,0x90dc3a246686eceda4e71e53bc4614102060fee2,0xd27b2b19dffdfbc661652ab51f388587f4dedfca,164155.75,mint
0xe03274c493643b43fe0d0a1a305ad3464dc0d181349f164040ee3718ee173226,2026-03-08 16:41:00,0x90dc3a246686eceda4e71e53bc4614102060fee2,0x100fc225e8f075c45509237fb6e007e6b0400e69,221690.35,mint
0xbfca1c7b6443888c3745e95926f0df92576383b5495af6a5d56e37764a4bdd9b,2026-03-09 09:59:00,0x6803c088713eafc236deebeffe450d61510713a9,0xdf9e491e1b40f6ee6cddfe35be65b8bf3c49299d,37402.76,transfer
0x82bb14739e543f0ad63f80394f23b869e43b293a54b0264b1ed17b494db18b0c,2026-03-09 11:54:00,0x90dc3a246686eceda4e71e53bc4614102060fee2,0x1c52f257dd3ad1d15829bc090f254c2c01534800,51780.44,mint
0xb26fbf6419aa3130aae4c5e7bb818d55557b5e2c1a0e4b8a71d78611d0e267c0,2026-03-09 16:17:00,0xc6356e42821d7ac11470ab9bb2db6f1d2e9e5a2c,0xc4ea8d0f48bc65f24f0867e4ac4589259c8caf12,32419.55,transfer
0x9893a4bc7caad254cc12fc6b470ffe8b168714ffb09b5de6bf79b3c219015e40,2026-03-10 10:21:00,0x90dc3a246686eceda4e71e53bc4614102060fee2,0x89f1d535c8dc6a8cac48ee07d2b2b0d5dab32ed2,355872.84,mint
0xde93b93ede72cf82eeac5473292752d28aac9eccc955ca02c028951f68515fa7,2026-03-10 13:57:00,0x2380eddf6863eacab5585befbcfa7afd2faea1ad,0x666d7cef9280982589949b6aec1993ca07187396,40082.48,transfer
0xc620ac81653768efb79c547ce76c55c2070e34d8da59fe2e99e0c557d63aed43,2026-03-10 16:41:00,0x90dc3a246686eceda4e71e53bc4614102060fee2,0x2cfa9e40bed7006941fb094087f2393f61c72947,415334.69,mint
0xfdf5a85377045596a5b1239b4f85f95bd615ef4a9fa4573b7c3f48f039cccd39,2026-03-11 11:00:00,0x90dc3a246686eceda4e71e53bc4614102060fee2,0x666d7cef9280982589949b6aec1993ca07187396,384247.32,mint
0x68a809aca1e2eab6902610aa4c41e54640292702d47dbed2d684f5119646b9c7,2026-03-11 11:46:00,0x90dc3a246686eceda4e71e53bc4614102060fee2,0x28e3fd431f070f274f4c66148079405b910aae33,323529.17,mint
0xd0bfcd1fbe4c309f466a45c0392faff72a9f6604c860fc878458cc84520bc704,2026-03-11 11:59:00,0x9e61af886c2818b764181c75f607ec7ae1091596,0x9f43daaf3bbceafb0e01fd5ad602c2b541012623,6137.54,transfer
0x971d40e28eb30a019020524cc9a0b054e0d01ee9d7a55f11d5f4431d98b1392d,2026-03-11 13:36:00,0x90dc3a246686eceda4e71e53bc4614102060fee2,0x80b7425e36ef7889875b3598e577fa9099bed578,272186.53,mint
0xaf95a2f91d41bad09deec5c9bdefb491930b708cbcda07d9e2ef3c85b3fef19f,2026-03-11 13:45:00,0x90dc3a246686eceda4e71e53bc4614102060fee2,0x8aebff1d6ad9ca278f479f33fce9663dab89fe90,14024.12,mint
0x01153657dfa64a9d11e4c4893a0c5553c478f2304ded31859cf0fcbaffb8362c,2026-03-12 09:13:00,0xff38abb82015eb4ff72aae9463da1eccb7caec05,0x6c23324b96da8ef29d332922a47424e7c97962b9,33291.34,transfer
0xd531684980df3c23f746da13153285dd47e323d928013f99409e3914a75552be,2026-03-12 11:48:00,0x6803c088713eafc236deebeffe450d61510713a9,0xe32c9d58085919ce0cd13a670825196cacf36632,5845.12,transfer
0xb72030979f49657070c0c0e3782cf93ec6db86b010aa8d044f041017f3f7eb06,2026-03-12 12:11:00,0x90dc3a246686eceda4e71e53bc4614102060fee2,0x6c23324b96da8ef29d332922a47424e7c97962b9,81355.12,mint
0xf71120d617e2df3a68b838d3d708d511cad10666a8cf35a4a76bcf45a86dd06f,2026-03-12 15:59:00,0xe385ef795440cb68ba5d8fdfe1c8a4837b84512e,0x4ef31887fb2f9a559b1caf3f020e9305320ab086,4629.49,transfer
0xe3d8360c27d054168aa490ebd06e4e86a7283f5b1eb8bda930297b66568a4776,2026-03-13 13:10:00,0x8aebff1d6ad9ca278f479f33fce9663dab89fe90,0xd86d462e6eed5cec2415adf5843379389ef55741,1703.27,transfer
0x40b222e5015cc8ef6e2e0b6b5b0d7acf2c6a827a0d60b3d44d495610cebfc25f,2026-03-13 15:52:00,0x90dc3a246686eceda4e71e53bc4614102060fee2,0xf374818cd7d694cfeaf192ae47c1318a981d2321,26627.75,mint
0x759fb0e3ef8701e2d25c444fd3e4e4ea64e228bf02d8a5c62b7aebe9327873a4,2026-03-14 12:00:00,0x119cc3256cebec0fcd5464fc6ba8e39e220e1291,0x000000000000000000000000000000000000dead,146106.19,burn
0xbb421db75633a4173ce523e4dae433eb4abbb7fe883fa77be9c4000f57e0bcf7,2026-03-14 14:05:00,0x90dc3a246686eceda4e71e53bc4614102060fee2,0x9e61af886c2818b764181c75f607ec7ae1091596,158186.61,mint
0xfc9e187943c658c416c3bf82e0d5be10ef04c0309e2e31f60078d8e0d42aaa21,2026-03-14 14:59:00,0x90dc3a246686eceda4e71e53bc4614102060fee2,0x0cc8fdc22319465956d8c8b2971e274efe9413e9,437687.89,mint
0x06ad17baf6a4f9d22463c7cd28a139601c1b40da4e4aa64a82d2417f15cefee6,2026-03-14 15:32:00,0xee04b402b9999d865624a5ee39ec1fdef9ccc824,0x000000000000000000000000000000000000dead,1751.41,burn
0xfd2eab8324680f154df2c448c809d76584a3a3580f8c98241575745a986a7996,2026-03-15 15:42:00,0x90dc3a246686eceda4e71e53bc4614102060fee2,0x700a82f073a7db6ee7e56c17cefd365cc7963423,287357.6,mint
0x73522a146e42ae6e0fd911f0f1fd5899a19693e06ed2106e9f701392272eb157,2026-03-16 12:28:00,0x996223e5ed4a4c4e689c8ac61f733b6960f96d7d,0x000000000000000000000000000000000000dead,62630.39,burn
0x1046e2036c7ec9ea96c032c36cc7699735146e35f8e85da0becc82f0f0f15c15,2026-03-16 13:24:00,0x90dc3a246686eceda4e71e53bc4614102060fee2,0x247c222371bf1dd94971273faa6ff9a8a39de759,259109.61,mint
0x43db96e6862aaf7768b11654a25bc7379761016c516fc72a26c5099a862e02e6,2026-03-16 15:43:00,0xf2ed8d7e4562eef9dedbe089b67c1040976b27eb,0xf374818cd7d694cfeaf192ae47c1318a981d2321,35861.59,transfer
0x07965db0c3c8fcef8a391083a88caba4300f6fad5e35d9e7bd6f92e118783db6,2026-03-16 17:21:00,0xf0cad239c3122034b4bbf44d477834d414ff6f3a,0xbc59b91ec23a4254eba3e3017fadbd1e3f34ff3f,16983.14,transfer
0x0c78e6c9ee4415a81c452d4209df81c20aa623f41d89eba3a730f7b6c916987c,2026-03-17 10:27:00,0xd86d462e6eed5cec2415adf5843379389ef55741,0x6c23324b96da8ef29d332922a47424e7c97962b9,70689.67,transfer
0x780a2e649f8109d897c83d86283c54ebdfbf42e7766b8b3e89e345bae2d41033,2026-03-17 10:32:00,0x36119853e09d996e8d5be939b7d0eb9c21e74ca6,0xf374818cd7d694cfeaf192ae47c1318a981d2321,70079.45,transfer
0xf70ac5c608542dddfe9eaa46694d953bc7adfa0e934c06962f340d1b2f958ba2,2026-03-17 11:00:00,0x90dc3a246686eceda4e71e53bc4614102060fee2,0x3c9cd229452c4bd6ad1647b75c393ac1808795af,12500000.0,mint
0x767be5ebac92ad69fd7e1d985b4c1d796d9f1bab58ba15447eb0eafb16f319af,2026-03-17 11:50:00,0x64f07c85e007dce2678d45b56f2a2a8435774d6a,0x77cc28eab51f42dbb575cc598cc4cf98fe26898d,8373.86,transfer
0xe7f2929d8653f1dbfedee28f81bff4a3195a48d979a885efb40ddd4e6ebd362e,2026-03-17 13:37:00,0x90dc3a246686eceda4e71e53bc4614102060fee2,0x905eac2b170161636e4d8a925df9fdb5f0120494,45394.69,mint
0x930b0779d3877f9fa3120973ee7d6ab623eb9f98f52935564cf0be084e5c07d5,2026-03-17 14:03:00,0xedbe8d2030870ee4a423197502815643e0cd207b,0x8daf639646829391bd0b8fc74b745702d343579c,4907.85,transfer
0x0b9a433f6a948ee82875609c137e7e7e1a4626de837ff5619cec5a11cc7a817a,2026-03-18 09:16:00,0x90dc3a246686eceda4e71e53bc4614102060fee2,0x49db60c37c9428c85e8343321dc0ac60ddfb250f,54046.15,mint
0xaaba7b0e4e06a81df2543566fb5b7bf4afb9b892f1d2bcae49dadb5cdf6f7ef6,2026-03-18 10:21:00,0xba6f279f3bc7afe266e2fb33d38ab86ebd4b932a,0x05226c7fa080bc29d7b697767d437a09bdcfd456,1193.67,transfer
0x514a0b653bc34a5dce9c859ccdfcd511cbff24b2ce6bdafadd37ff3e6de3d8ab,2026-03-18 12:03:00,0x90dc3a246686eceda4e71e53bc4614102060fee2,0xce3592b16c5ed93c64cad2805d9846d839492746,7599.34,mint
0x47c3553418664cb1bd4a61ea9196c0d1f8dfb6cd686911bfc159815d2ff0caa6,2026-03-18 13:10:00,0x1ecb7085a2f8be845a5edcbad083e234746ea9da,0x000000000000000000000000000000000000dead,122631.91,burn
0x0a8997cf6bbb55874528423aecd7a31ecb3b6dccae25bb5ab7bf21b1180cf490,2026-03-18 13:21:00,0x90dc3a246686eceda4e71e53bc4614102060fee2,0x0b06347cbacf162f45e62d63c6fa3eabf26fbb6e,201244.71,mint
0x80d11685263946d5f09a120919b741bc713b50eb2bb80190a8a419b79ff408c6,2026-03-18 15:49:00,0x407451333bf9a476e9c77d9111fd5be193402973,0x3856da9c78ad03448f710a487132c2bad7119ecb,58353.08,transfer
0x3b3bbfbd4e8aa9227ddcdc87956888cf1616112554f00847df9003ee7902e44d,2026-03-19 09:40:00,0x1bbf05980c514479a5f5d8e668007cf659108fb6,0x905eac2b170161636e4d8a925df9fdb5f0120494,34909.24,transfer
0xfb1b525151f66731c4de50573c590884edf87df3b21446b70b63039b2cd34b5f,2026-03-19 13:50:00,0x0cc8fdc22319465956d8c8b2971e274efe9413e9,0x80b7425e36ef7889875b3598e577fa9099bed578,1085.82,transfer
0x4b737200a8c97fc6f68deb43292c9eec46c5c671ec53765361eef0dae66bf842,2026-03-19 14:44:00,0x90dc3a246686eceda4e71e53bc4614102060fee2,0xfea233a5adb97c926a4706e5a34c6caceeee0055,147005.3,mint
0x16d3fd23ee081967ce7cbcae3a9885962e2d35eb95f3d001964498488c17d785,2026-03-19 16:31:00,0x10e85bc1c07e21a1aa9bcefa477ba9cdc46db039,0x2434b785fdf98910f44defacec7e30024829ceda,11483.28,transfer
0x635f81c5177fd7d0c16b6298d4fe6a4eacfe19b0e2dad607adf780616f4ea835,2026-03-19 17:59:00,0x90dc3a246686eceda4e71e53bc4614102060fee2,0xe3c013439b986f9439801284e5c9d7b3b86d66ba,453047.71,mint
0xc7fb23eef6d540c68509da7a26046a4cda2adeee266a1505c34ae7aca77f33bb,2026-03-20 10:29:00,0x90dc3a246686eceda4e71e53bc4614102060fee2,0x1e45e3bbdc0ca7558cbc5e8a98c155a760b39662,418306.73,mint
0xfd3cf8ba857381e82900e9e30b8a7bc366194c1faf320f304c12cadeb92ca689,2026-03-20 11:29:00,0x90dc3a246686eceda4e71e53bc4614102060fee2,0xff38abb82015eb4ff72aae9463da1eccb7caec05,13039.9,mint
0xb94224a6273eb365ffa033ed99d7b68aff46fd98e085d3633eecf6c6263c5063,2026-03-20 12:14:00,0x281ed9a1d63ffc2f31fda33e2f68a59f4474a938,0x000000000000000000000000000000000000dead,274320.57,burn
0x0fd237c2a91d97f28b7705b5ae0958d06937babe1de7a8803a2095bf36a0df01,2026-03-20 14:35:00,0xb8af30eac73b78ff0e0d2ee2530f15191667918c,0xfd7955947c9e3856dd438b99c051bca0eeb637ee,54718.64,transfer
0xe91040dcde9ac7650a48b6c8209e805909fb3e3cca53f8db86ccc37234242ca1,2026-03-20 15:27:00,0x3c9cd229452c4bd6ad1647b75c393ac1808795af,0xc2681893fc94a7a01808d814a3aa27dc17c4616c,55952.17,transfer
0x02df4490e96c58337f3fd3ebc12fc40399770f7ed12940315364adf393d0d7e2,2026-03-21 13:23:00,0x90dc3a246686eceda4e71e53bc4614102060fee2,0x36119853e09d996e8d5be939b7d0eb9c21e74ca6,47378.91,mint
0xb45173b263c449778b6af61d616119ea6ae4e2e807a0528fd948f166e84b6621,2026-03-21 15:43:00,0x90dc3a246686eceda4e71e53bc4614102060fee2,0x983c90d6d139d7b4edd543507c8b9446efc25f80,397980.06,mint
0xd6852429e59ba55848be0db6571d6a6f6bd70f42045e9115bc3fcb6f11649f1d,2026-03-21 16:48:00,0xf58cc69a39568b2b6aaf17793e4ef870e2121385,0x000000000000000000000000000000000000dead,122986.9,burn
0x7ae598c02f40c2ad73879db82115f33ff108a2835a9dc2245c9a1d1d682bc059,2026-03-21 17:58:00,0x90dc3a246686eceda4e71e53bc4614102060fee2,0x805bc406c4c1e13054b81123ec0f8e85d8376aa9,275276.8,mint
0x57316b1a38cea2420a9ff05e886938ed4974928ee80ec9c5554f1602dd4fcca7,2026-03-22 10:40:00,0x90dc3a246686eceda4e71e53bc4614102060fee2,0xf0cad239c3122034b4bbf44d477834d414ff6f3a,124079.3,mint
0x5b5574520f5075ce0f5a61c10adb039e18ef7c6eea4ddbb420109203dd24bd7c,2026-03-22 11:30:00,0x407451333bf9a476e9c77d9111fd5be193402973,0x000000000000000000000000000000000000dead,26549.54,burn
0xd05bfe28e2d3bf5501168bc22f9ac14e771eb51f23976039fcb38735d5892055,2026-03-22 13:44:00,0x90dc3a246686eceda4e71e53bc4614102060fee2,0x3b9f2f012487f5f643b6f626f115e2c60b3b12f5,76070.54,mint
0x87822069c64c9606c1c6b5658ac975ec5d18239362af2d1d78263b8f71e06e90,2026-03-22 14:26:00,0x90dc3a246686eceda4e71e53bc4614102060fee2,0x983c90d6d139d7b4edd543507c8b9446efc25f80,315987.2,mint
0xdca59badec214902709a692a16bcd174e455e888d3ed3ea4fb491919ba3735c0,2026-03-23 13:51:00,0x119cc3256cebec0fcd5464fc6ba8e39e220e1291,0xb1fb7d733ce2e0ffb66bb17cf339ea63bf63f0fe,79064.24,transfer
0xa68ce08c890068d0814c9e33a3d93d0cd3e23a40a1cd230d6cc0d962a5ccc8f2,2026-03-23 15:05:00,0xa1165004098c387e5efdeb6bfe10408a94bc5197,0x94db730d75ac8b46c49b1a29a3476db687a6c0a8,38738.32,transfer
0x780dc462d2ab4e160bdcd2037452298c4b1ab41f7d7ef7b03bfab1940b5221f6,2026-03-23 17:51:00,0x90dc3a246686eceda4e71e53bc4614102060fee2,0x805bc406c4c1e13054b81123ec0f8e85d8376aa9,389214.25,mint
0xdec6fe6f9c690c22af3bdd3f95b75c361c543091a71f4d3fc26cf1a3c01092f1,2026-03-24 10:05:00,0x6c23324b96da8ef29d332922a47424e7c97962b9,0xbc767f8340b0e31950a35041402b32fbc6354f8e,8057.16,transfer
0x3367f793bf5709eb896e5b58af98815c740c3851c09193651f2e17d4d5e9d820,2026-03-24 12:48:00,0x90dc3a246686eceda4e71e53bc4614102060fee2,0x2380eddf6863eacab5585befbcfa7afd2faea1ad,396599.06,mint
0x85a572fdfd9c90362246875f59b72aac6fe686ccaed866879bdeb49bc20e1dea,2026-03-24 13:09:00,0xc7166139c69aafa3582030510c0183b882560bbb,0xa6f7a98dedced44ee95462713397317a7867869c,2372.77,transfer
0x7c3b41734b59776f4798dc0054ac0ff6d3a889a4bb5ef123a7ef2083514799ad,2026-03-25 10:00:00,0xf2fc0cbc914be463b37470ee9b815920bf22186b,0x3856da9c78ad03448f710a487132c2bad7119ecb,11833.21,transfer
0x6022fc5eccd815e733ef2f9449f81b864a2fb22c273ff52192bab118303b7a2e,2026-03-25 11:47:00,0x0b45a31ea0bd6029a5410df4cd2463d0ab45580f,0x805bc406c4c1e13054b81123ec0f8e85d8376aa9,51684.52,transfer
0xcb212082b564b277b340a53293daed1f79e297bb36e9c0d9ec151fd3a2564333,2026-03-25 14:06:00,0x0a05d3723c942f6acfa95d2601809a666615d21a,0xfea233a5adb97c926a4706e5a34c6caceeee0055,3815.29,transfer
0xe495cd2f54e69c3dc7fd5d32405e035073f3c01cb8d8ff2840ab426aaaae3011,2026-03-25 15:20:00,0x6ce6165227f5af448dc5807f2af258a8c95c0ffd,0x2e363b84e81257f86bbdc79d81973a0a4eb12d81,49215.22,transfer
0xc50c8387e576950bfe9ccf9def80e7e0a73e8f82c5bae303862b8ea10f17499d,2026-03-25 16:33:00,0x4ef31887fb2f9a559b1caf3f020e9305320ab086,0x000000000000000000000000000000000000dead,4629.49,burn
0x5e089cf17d3b015956525856e422f24e8a2c8660a9e4683eb622dfe3d4f5a0dd,2026-03-26 11:05:00,0x80b7425e36ef7889875b3598e577fa9099bed578,0xd86d462e6eed5cec2415adf5843379389ef55741,28743.83,transfer
0x973d3c64569a45ac9d7d0375a57fde8043f866a0ea9becfcc34be78ed9cdfde2,2026-03-26 12:43:00,0x6803c088713eafc236deebeffe450d61510713a9,0x000000000000000000000000000000000000dead,573.54,burn
0x29289c1c13f3a3e2b2d198e9cd03296c96c5ea7f7bc25128598a3470c6bfc3ab,2026-03-26 13:06:00,0xb8af30eac73b78ff0e0d2ee2530f15191667918c,0xf374818cd7d694cfeaf192ae47c1318a981d2321,37839.42,transfer
0x07082fad4100975bd3c69522afd9e943dc6c90f141eb729dffd9a5c2198f551a,2026-03-26 16:23:00,0xff38abb82015eb4ff72aae9463da1eccb7caec05,0xaabb4bc77f0646ec7a00fb5e4c8ec10430618b21,32634.65,transfer
0x7a615da4a01db02295e1fe99e584eec5bd85b42679e913fa0e817da1fe71c3b6,2026-03-26 17:12:00,0x90dc3a246686eceda4e71e53bc4614102060fee2,0xc0b545448c31cf38ba14a3fb76ebeb80a0efd6b0,497573.59,mint
0xb09705ab1676465082f5aee41528da23566a1038cdec6b80f8a349778cfb675b,2026-03-27 10:03:00,0x90dc3a246686eceda4e71e53bc4614102060fee2,0xbc767f8340b0e31950a35041402b32fbc6354f8e,97474.52,mint
0x5686f9b39b8f9bd4c82a9751a261caa799eda269ae157f57aa432a19a81c3efd,2026-03-27 10:43:00,0x90dc3a246686eceda4e71e53bc4614102060fee2,0x8221fbc6030b4c2c34e76292479a7058d768b690,490113.5,mint
0xe662de2bc786bd47ea868e8ea3b27c3b43ed4e39f36cd6669aeb2751d2195fcb,2026-03-27 12:45:00,0x90dc3a246686eceda4e71e53bc4614102060fee2,0x2434b785fdf98910f44defacec7e30024829ceda,206074.06,mint
0xec0d7df8d8de477f7157a4b416668224bfe16610e2884d8aad0af8c8156433ad,2026-03-27 14:04:00,0x90dc3a246686eceda4e71e53bc4614102060fee2,0x2e7ece9d406b99ecd12cc636a84533970c92919a,203010.78,mint
0xac192899fee6a3693b4b8dba69cfe925b9d2236c2869987012e651fc84d0d7ac,2026-03-27 15:28:00,0xe5a00ce6fcb0adf06ab9e4836af348ccf9d34011,0xa6f7a98dedced44ee95462713397317a7867869c,12061.04,transfer
0x7a07ae96a226edd84a14984eb537df3f5dd03491c78a33a3b44593b393bdcb97,2026-03-27 17:09:00,0x90dc3a246686eceda4e71e53bc4614102060fee2,0x3e9e975d9d42aa5242536409eeb01434cecf593d,55785.96,mint
0xff4647c7eddf957e34f22cdcf6b66ba1e9c5b19c2ae7cedcd5692b5ea80802ba,2026-03-27 17:35:00,0xffe3ee80271ed11c6c986362e21b0c620b48af33,0x7850efc5efd30864ae7dbb26bfce89bdc83b8e7f,28217.73,transfer
0xf1a19688fc4d46db491d93d3e7d91b0f146b7ba40fac7308b5daa3b408249082,2026-03-28 11:20:00,0x90dc3a246686eceda4e71e53bc4614102060fee2,0x98416241c81346bf53cadbc140f93f4ac2293fa1,303297.71,mint
0xdf41f252d51c985cf4d30d8210296079c3578c26bff06cf46572702c8d49c416,2026-03-28 17:28:00,0x90dc3a246686eceda4e71e53bc4614102060fee2,0xd86d462e6eed5cec2415adf5843379389ef55741,25965.81,mint
0x5f417ff3afa3ea4b48d7e7890a4ed86f12d230a6f7d228a5494949ed4ce83ad0,2026-03-28 17:57:00,0x90dc3a246686eceda4e71e53bc4614102060fee2,0xfd7955947c9e3856dd438b99c051bca0eeb637ee,45892.7,mint
0x43ac69687362644499210ee0a3d30480626942ef55faa3091cd2e0da1482a902,2026-03-29 17:28:00,0x90dc3a246686eceda4e71e53bc4614102060fee2,0xa976b367a66374466661802d945a48a768e53b10,121817.71,mint
0xe23c777585d79ea13931bf788066e322a457b06cf06a48c5cceb894b07d8d0a0,2026-03-30 10:01:00,0xa1165004098c387e5efdeb6bfe10408a94bc5197,0x25752a65834a75e08a635e9f8e7433f37ec4d736,63495.06,transfer
0xfdc8ae6eef618589a55dc846a91017a03fc67300f696e0e405e85f60688a74d1,2026-03-30 10:22:00,0xcef8a3d1fc162ca5cd143f78d0297e49b74951b2,0xc7711d18f55e303f6438e31952fec9e4af0731a2,6903.04,transfer
0x18ded7357caaa80ecc47cb8c4c6e13678db05c44967655baaeca2a5401bb409f,2026-03-30 14:55:00,0xcef8a3d1fc162ca5cd143f78d0297e49b74951b2,0x3b9f2f012487f5f643b6f626f115e2c60b3b12f5,2354.86,transfer
0x2437c9289ea7486ca2f779b89e6247bdeef7e5811bda2fca2c73c24cd88ddb1c,2026-03-30 16:05:00,0xfea233a5adb97c926a4706e5a34c6caceeee0055,0x000000000000000000000000000000000000dead,150820.59,burn
0xb5558edc5cb94eb82b4da800aae53b92b3058edbd4a7dfb966216af538f4d244,2026-03-30 17:05:00,0xc6bae6632ea0e09fea0182670293ef0f71023db5,0x2380eddf6863eacab5585befbcfa7afd2faea1ad,62538.6,transfer
0x0dde03ece43ed98dd0a48a16460c95d57fd7c4ae27ee21748ee6c2885c7d94a0,2026-03-31 09:18:00,0xba6f279f3bc7afe266e2fb33d38ab86ebd4b932a,0x0b06347cbacf162f45e62d63c6fa3eabf26fbb6e,3158.72,transfer
0x91b4b4bfa06cedfc58310628040118a2ddefcce0103eac15d71e89491d51faf2,2026-03-31 09:29:00,0x8aebff1d6ad9ca278f479f33fce9663dab89fe90,0x000000000000000000000000000000000000dead,21030.74,burn
0xb44f227cf98b0dac35e478039e0b2b50eada83f6db3e48bb9c71262bcfea5af3,2026-03-31 09:35:00,0x247c222371bf1dd94971273faa6ff9a8a39de759,0x000000000000000000000000000000000000dead,17827.1,burn
0xc19d4da5cd2a34024d76fd808448f72b864dc103b62be472d9eae8ef7eaae320,2026-03-31 10:46:00,0x08d7d076ddb96be433676a54fc2e25945d0ad9a2,0x6803c088713eafc236deebeffe450d61510713a9,17230.21,transfer
0x64b3196d2988b937ccac40c62731bb0092e039adaac86107aae6a8bf87e2e81b,2026-03-31 15:24:00,0x8e0bdcb48c6c60fe745d963edda8ded46b52b07c,0x7bd6c7d150f679528de34128ef6fcc938454c4e9,15903.08,transfer
0x249ee389b8357643e5b283329cc1f4306613594a88f340b92eccada91854d577,2026-03-31 17:57:00,0x0b04930e954a1108ad6a1bfdda03f37d40d086c0,0x3856da9c78ad03448f710a487132c2bad7119ecb,37417.63,transfer
0x5bf7dc3a76904a433d81fac38443ff103b4ac1f8337aabed86874f5234402e85,2026-04-01 09:25:00,0x90dc3a246686eceda4e71e53bc4614102060fee2,0x119cc3256cebec0fcd5464fc6ba8e39e220e1291,72185.57,mint
0x47a579965e032c4a9c28964fdd7ba316d134c4df0c620bdad43c593814f1f502,2026-04-01 13:52:00,0x90dc3a246686eceda4e71e53bc4614102060fee2,0xf58cc69a39568b2b6aaf17793e4ef870e2121385,358118.1,mint
0xa01a023a9981986c994cd0bfa690add81586cc325afc7a8035e04fd41edafd06,2026-04-01 15:10:00,0x1bbf05980c514479a5f5d8e668007cf659108fb6,0xa1165004098c387e5efdeb6bfe10408a94bc5197,40096.13,transfer
0x9a0ca4eed5e7f81546382db10a8f509a0a59daaef429200957960845e4c87c70,2026-04-01 15:29:00,0x90dc3a246686eceda4e71e53bc4614102060fee2,0xfea233a5adb97c926a4706e5a34c6caceeee0055,202026.85,mint
0x3a557705fa159466324d50c69a7ce5371be26cd40d3b6eacc7fa066f4030c6be,2026-04-01 17:10:00,0x281ed9a1d63ffc2f31fda33e2f68a59f4474a938,0x247c222371bf1dd94971273faa6ff9a8a39de759,40467.02,transfer
0x9324c78873872c086cd195bf2a416fc8abe75ceda88f9a1005cd33a0f691468e,2026-04-02 09:47:00,0x90dc3a246686eceda4e71e53bc4614102060fee2,0x25752a65834a75e08a635e9f8e7433f37ec4d736,356222.54,mint
0xa6df9f2626d69cc02b112397256979197d9fb8987cf4a0afd7ec1697709955a9,2026-04-02 10:02:00,0x90dc3a246686eceda4e71e53bc4614102060fee2,0x35c132761fcdebc4ee1a8076ba7abcc3b64a51f1,65074.42,mint
0x418a63e22cf1442959ffb71ebafc6cffd7c048c6e453e16985be7f2fa09f37aa,2026-04-02 10:34:00,0x90dc3a246686eceda4e71e53bc4614102060fee2,0x3b9f2f012487f5f643b6f626f115e2c60b3b12f5,236365.89,mint
0xbd7b00b80f38ed40bdf73a62d8f7c6aff6db85cfab9ecb33125b18b97b694e1e,2026-04-02 12:37:00,0x90dc3a246686eceda4e71e53bc4614102060fee2,0x05226c7fa080bc29d7b697767d437a09bdcfd456,464025.61,mint
0xe65e22c5362641e3e0e66b46ba3026a11a565ad232ef70ab584580673e37ae2a,2026-04-02 13:19:00,0x387de6d29ffae1232c78ad76aa43e891e81fb0ad,0x3e9e975d9d42aa5242536409eeb01434cecf593d,51126.06,transfer
0xd0f063a6463067bbc40ee1fb4d55be70414e04011fc7d76069133c5d1af0e33c,2026-04-02 13:31:00,0xc2681893fc94a7a01808d814a3aa27dc17c4616c,0xd52a337b7808ec2ef88d2a60c092714e945554e4,74780.03,transfer
0x88b4a1d7b72ef695a2cee9e2388d09c9addcefeeca0f1c1765b23a376cb01c14,2026-04-02 13:46:00,0x90dc3a246686eceda4e71e53bc4614102060fee2,0xba453a82ad96f42a1eab7d47f40771403919a02e,111212.36,mint
0x86110430defcd6464d6cea6d8b7f71ef2947fb6b35696c7a1f591e0147d1a6cd,2026-04-02 16:43:00,0x90dc3a246686eceda4e71e53bc4614102060fee2,0xf2ed8d7e4562eef9dedbe089b67c1040976b27eb,283027.99,mint
0x19661a5d8dafd302e8d94e0b476957d2872a0edd0d6bcd5d3c40b79874254360,2026-04-03 10:10:00,0xa389f357db6af3c4a715af25d83a9e608bcf8a35,0x91de744face00ec6f866dbfd717d37206097628d,69004.31,transfer
0x96e1a9b1d4f2d721db145cb61534857b42fc14d255775a382515900083b8378b,2026-04-03 10:59:00,0x90dc3a246686eceda4e71e53bc4614102060fee2,0xf95c1837c89408649c2421d6669c29bcefd749a4,207669.6,mint
0x1dc766eff864b0805d494e1f639e1955b6bada6d30b7c5b49375dd70ae0c794b,2026-04-03 11:49:00,0x90dc3a246686eceda4e71e53bc4614102060fee2,0xcef8a3d1fc162ca5cd143f78d0297e49b74951b2,455802.57,mint
0xfa125ab220c776110e0a0b24748aa07fbcda29f8d7486aad190d98944c0407d1,2026-04-03 11:49:00,0x90dc3a246686eceda4e71e53bc4614102060fee2,0x94db730d75ac8b46c49b1a29a3476db687a6c0a8,155541.65,mint
0x2882d655e3cf49f25b00064187ce1d9eb219106b9d90329e6bac39e6b53147ed,2026-04-03 13:26:00,0x90dc3a246686eceda4e71e53bc4614102060fee2,0x0b45a31ea0bd6029a5410df4cd2463d0ab45580f,175534.82,mint
0xe1203002d01cfcf1c20e4aad0430c4880933c7ee115182c170145e89f5a26489,2026-04-03 15:17:00,0x3e6a08be99300260e403e893830c41ad3e800680,0xd52a337b7808ec2ef88d2a60c092714e945554e4,44162.14,transfer
0x51c7263d44bdc0f3fcb34b129a0c991deff18514eb0183f16fb6ee2ac0bd148b,2026-04-03 15:22:00,0x90dc3a246686eceda4e71e53bc4614102060fee2,0x80da0deb17c2d1882099df3ee34bb9e3003f1075,249540.86,mint
0xdd46baa3ca2d91c07375e3cd23c893f85be3677f0941fab003a0a1bc5a5d739f,2026-04-04 10:43:00,0x90dc3a246686eceda4e71e53bc4614102060fee2,0x31ab70aac67dd825c23598a57e931d48671a56da,297945.18,mint
0x8c1860cd29b4d435660a17f3994ad709fa245428486eb9a351504af01561c1c7,2026-04-04 15:24:00,0x90dc3a246686eceda4e71e53bc4614102060fee2,0x805bc406c4c1e13054b81123ec0f8e85d8376aa9,309142.0,mint
0x1b3818cd0ed3413e14e596b713ea2f71549a9d2c5dd96b1f6b8f20b8e5252f75,2026-04-05 09:59:00,0x90dc3a246686eceda4e71e53bc4614102060fee2,0x996223e5ed4a4c4e689c8ac61f733b6960f96d7d,202089.19,mint
0xc52d9f144ff76334f85faaa13053c00aa4591b0ae533cc55ec3231f470bf786b,2026-04-05 15:23:00,0x90dc3a246686eceda4e71e53bc4614102060fee2,0x1a3c0bfb3a01f1a181d726d01bba67cc5b4bd1e9,470747.51,mint
0xeae2958528baa69de064da12597328511a8b765fb999c4aec6a94412e8f58dc5,2026-04-05 15:28:00,0x90dc3a246686eceda4e71e53bc4614102060fee2,0x387de6d29ffae1232c78ad76aa43e891e81fb0ad,319353.26,mint
0xf577b9acab746833088e2f8b235ebcb10568491e2ae3b4543f20e860de3855ea,2026-04-05 16:02:00,0x805bc406c4c1e13054b81123ec0f8e85d8376aa9,0x000000000000000000000000000000000000dead,322957.6,burn
